{
	"textures": {
		"1": "minecraft:block/blinds",
		"particle": "minecraft:block/blinds"
	},
	"render_type": "cutout_mipped",
	"elements": [
		{
			"from": [1, 0, 0],
			"to": [2, 16, 1],
			"faces": {
				"north": {"uv": [0, 2, 1, 16], "texture": "#1"},
				"east": {"uv": [0, 2, 1, 16], "texture": "#1"},
				"south": {"uv": [0, 2, 1, 16], "texture": "#1"},
				"west": {"uv": [0, 2, 1, 16], "texture": "#1"},
				"up": {"uv": [0, 3, 1, 2], "texture": "#1"},
				"down": {"uv": [0, 16, 1, 15], "texture": "#1"}
			}
		},
		{
			"from": [14, 0, 0],
			"to": [15, 16, 1],
			"faces": {
				"north": {"uv": [0, 2, 1, 16], "texture": "#1"},
				"east": {"uv": [0, 2, 1, 16], "texture": "#1"},
				"south": {"uv": [0, 2, 1, 16], "texture": "#1"},
				"west": {"uv": [0, 2, 1, 16], "texture": "#1"},
				"up": {"uv": [0, 2, 1, 3], "texture": "#1"},
				"down": {"uv": [0, 15, 1, 16], "texture": "#1"}
			}
		},
		{
			"from": [0, 14, 0.5],
			"to": [16, 16, 0.5],
			"rotation": {"angle": -45, "axis": "x", "origin": [8, 16, 0.5]},
			"faces": {
				"north": {"uv": [0, 2, 16, 0], "rotation": 180, "texture": "#1"},
				"east": {"uv": [0, 0, 2, 0], "rotation": 270, "texture": "#missing"},
				"south": {"uv": [0, 0, 16, 2], "texture": "#1"},
				"west": {"uv": [0, 0, 2, 0], "rotation": 90, "texture": "#missing"},
				"up": {"uv": [0, 0, 16, 0], "rotation": 180, "texture": "#missing"},
				"down": {"uv": [0, 0, 16, 0], "texture": "#missing"}
			}
		},
		{
			"from": [0, 12, 0.5],
			"to": [16, 14, 0.5],
			"rotation": {"angle": -45, "axis": "x", "origin": [8, 14, 0.5]},
			"faces": {
				"north": {"uv": [0, 2, 16, 0], "rotation": 180, "texture": "#1"},
				"east": {"uv": [0, 0, 2, 0], "rotation": 270, "texture": "#missing"},
				"south": {"uv": [0, 0, 16, 2], "texture": "#1"},
				"west": {"uv": [0, 0, 2, 0], "rotation": 90, "texture": "#missing"},
				"up": {"uv": [0, 0, 16, 0], "rotation": 180, "texture": "#missing"},
				"down": {"uv": [0, 0, 16, 0], "texture": "#missing"}
			}
		},
		{
			"from": [0, 10, 0.5],
			"to": [16, 12, 0.5],
			"rotation": {"angle": -45, "axis": "x", "origin": [8, 12, 0.5]},
			"faces": {
				"north": {"uv": [0, 2, 16, 0], "rotation": 180, "texture": "#1"},
				"east": {"uv": [0, 0, 2, 0], "rotation": 270, "texture": "#missing"},
				"south": {"uv": [0, 0, 16, 2], "texture": "#1"},
				"west": {"uv": [0, 0, 2, 0], "rotation": 90, "texture": "#missing"},
				"up": {"uv": [0, 0, 16, 0], "rotation": 180, "texture": "#missing"},
				"down": {"uv": [0, 0, 16, 0], "texture": "#missing"}
			}
		},
		{
			"from": [0, 8, 0.5],
			"to": [16, 10, 0.5],
			"rotation": {"angle": -45, "axis": "x", "origin": [8, 10, 0.5]},
			"faces": {
				"north": {"uv": [0, 2, 16, 0], "rotation": 180, "texture": "#1"},
				"east": {"uv": [0, 0, 2, 0], "rotation": 270, "texture": "#missing"},
				"south": {"uv": [0, 0, 16, 2], "texture": "#1"},
				"west": {"uv": [0, 0, 2, 0], "rotation": 90, "texture": "#missing"},
				"up": {"uv": [0, 0, 16, 0], "rotation": 180, "texture": "#missing"},
				"down": {"uv": [0, 0, 16, 0], "texture": "#missing"}
			}
		},
		{
			"from": [0, 6, 0.5],
			"to": [16, 8, 0.5],
			"rotation": {"angle": -45, "axis": "x", "origin": [8, 8, 0.5]},
			"faces": {
				"north": {"uv": [0, 2, 16, 0], "rotation": 180, "texture": "#1"},
				"east": {"uv": [0, 0, 2, 0], "rotation": 270, "texture": "#missing"},
				"south": {"uv": [0, 0, 16, 2], "texture": "#1"},
				"west": {"uv": [0, 0, 2, 0], "rotation": 90, "texture": "#missing"},
				"up": {"uv": [0, 0, 16, 0], "rotation": 180, "texture": "#missing"},
				"down": {"uv": [0, 0, 16, 0], "texture": "#missing"}
			}
		},
		{
			"from": [0, 4, 0.5],
			"to": [16, 6, 0.5],
			"rotation": {"angle": -45, "axis": "x", "origin": [8, 6, 0.5]},
			"faces": {
				"north": {"uv": [0, 2, 16, 0], "rotation": 180, "texture": "#1"},
				"east": {"uv": [0, 0, 2, 0], "rotation": 270, "texture": "#missing"},
				"south": {"uv": [0, 0, 16, 2], "texture": "#1"},
				"west": {"uv": [0, 0, 2, 0], "rotation": 90, "texture": "#missing"},
				"up": {"uv": [0, 0, 16, 0], "rotation": 180, "texture": "#missing"},
				"down": {"uv": [0, 0, 16, 0], "texture": "#missing"}
			}
		},
		{
			"from": [0, 2, 0.5],
			"to": [16, 4, 0.5],
			"rotation": {"angle": -45, "axis": "x", "origin": [8, 4, 0.5]},
			"faces": {
				"north": {"uv": [0, 2, 16, 0], "rotation": 180, "texture": "#1"},
				"east": {"uv": [0, 0, 2, 0], "rotation": 270, "texture": "#missing"},
				"south": {"uv": [0, 0, 16, 2], "texture": "#1"},
				"west": {"uv": [0, 0, 2, 0], "rotation": 90, "texture": "#missing"},
				"up": {"uv": [0, 0, 16, 0], "rotation": 180, "texture": "#missing"},
				"down": {"uv": [0, 0, 16, 0], "texture": "#missing"}
			}
		},
		{
			"from": [0, 0, 0.5],
			"to": [16, 2, 0.5],
			"rotation": {"angle": -45, "axis": "x", "origin": [8, 2, 0.5]},
			"faces": {
				"north": {"uv": [0, 2, 16, 0], "rotation": 180, "texture": "#1"},
				"east": {"uv": [0, 0, 2, 0], "rotation": 270, "texture": "#missing"},
				"south": {"uv": [0, 0, 16, 2], "texture": "#1"},
				"west": {"uv": [0, 0, 2, 0], "rotation": 90, "texture": "#missing"},
				"up": {"uv": [0, 0, 16, 0], "rotation": 180, "texture": "#missing"},
				"down": {"uv": [0, 0, 16, 0], "texture": "#missing"}
			}
		}
	],
	"display": {
		"thirdperson_righthand": {
			"rotation": [75, 45, 0],
			"translation": [1.5, -1.75, 0],
			"scale": [0.375, 0.375, 0.375]
		},
		"thirdperson_lefthand": {
			"rotation": [75, 45, 0],
			"translation": [1.5, -1.5, 0],
			"scale": [0.375, 0.375, 0.375]
		},
		"firstperson_righthand": {
			"rotation": [0, -45, 0],
			"scale": [0.4, 0.4, 0.4]
		},
		"firstperson_lefthand": {
			"rotation": [0, -45, 0],
			"scale": [0.4, 0.4, 0.4]
		},
		"ground": {
			"translation": [0, 0, 2],
			"scale": [0.4, 0.4, 0.4]
		},
		"gui": {
			"scale": [0.75, 0.75, 0.75]
		},
		"fixed": {
			"rotation": [0, 180, 0],
			"translation": [0, 0, -15],
			"scale": [2, 2, 2]
		}
	}
}