{
	"ambientocclusion": false,
	"texture_size": [32, 32],
	"textures": {
		"0": "minecraft:block/aircon",
		"particle": "minecraft:block/aircon"
	},
	"elements": [
		{
			"from": [1, 0.1, -10],
			"to": [15, 10.1, 5],
			"faces": {
				"north": {"uv": [3, 8.5, 6.5, 11], "texture": "#0"},
				"east": {"uv": [6.5, 3, 9.5, 5.5], "texture": "#0"},
				"south": {"uv": [3, 3, 6.5, 5.5], "texture": "#0"},
				"west": {"uv": [0, 3, 3, 5.5], "texture": "#0"},
				"up": {"uv": [3, 0, 6.5, 3], "texture": "#0"},
				"down": {"uv": [3, 5.5, 6.5, 8.5], "texture": "#0"}
			}
		}
	],
	"display": {
		"thirdperson_righthand": {
			"rotation": [75, 45, 0],
			"translation": [2.25, -1.5, 1.25],
			"scale": [0.375, 0.375, 0.375]
		},
		"thirdperson_lefthand": {
			"rotation": [75, 45, 0],
			"translation": [2.25, -0.75, 2.25],
			"scale": [0.375, 0.375, 0.375]
		},
		"firstperson_righthand": {
			"rotation": [0, -45, 0],
			"translation": [-0.5, 3, 1.5],
			"scale": [0.4, 0.4, 0.4]
		},
		"firstperson_lefthand": {
			"rotation": [0, 225, 0],
			"translation": [-2.25, 3.75, -1.75],
			"scale": [0.4, 0.4, 0.4]
		},
		"ground": {
			"translation": [0, 3, 2.5],
			"scale": [0.25, 0.25, 0.25]
		},
		"gui": {
			"rotation": [30, 225, 0],
			"translation": [-4.75, 2.75, 0],
			"scale": [0.625, 0.625, 0.625]
		},
		"head": {
			"translation": [0, 2.5, 10.5]
		},
		"fixed": {
			"rotation": [0, 0, -90],
			"translation": [4.25, 0, 25.5],
			"scale": [1.5, 1.5, 1.5]
		}
	}
}