{
  "parent": "block/cube_all",
  "elements": [
    {
      "from": [0, 0, 0],
      "to": [16, 16, 16],
      "faces": {
        "north": {"uv": [0, 0, 16, 16], "texture": "#all", "cullface": "north"},
        "east": {"uv": [0, 0, 16, 16], "texture": "#all", "cullface": "east"},
        "south": {"uv": [0, 0, 16, 16], "texture": "#all", "cullface": "south"},
        "west": {"uv": [0, 0, 16, 16], "texture": "#all", "cullface": "west"},
        "up": {"uv": [0, 0, 16, 16], "texture": "#all", "cullface": "up"},
        "down": {"uv": [0, 0, 16, 16], "texture": "#all", "cullface": "down"}
      }
    },
    {
      "from": [15.95, 0.05, 0.05],
      "to": [0.05, 15.95, 15.95],
      "faces": {
        "north": {"uv": [16, 0, 0, 16], "texture": "#all"},
        "east": {"uv": [16, 0, 0, 16], "texture": "#all"},
        "south": {"uv": [16, 0, 0, 16], "texture": "#all"},
        "west": {"uv": [16, 0, 0, 16], "texture": "#all"},
        "up": {"uv": [16, 0, 0, 16], "texture": "#all"},
        "down": {"uv": [16, 0, 0, 16], "texture": "#all"}
      }
    }
  ]
}
