{
	"parent": "block/block",
	"textures": {
		"texture": "trident_cliffs:block/light_bulb",
		"particle": "#texture"
	},
	"elements": [
		{
			"from": [5, 5, 1],
			"to": [11, 11, 4],
			"faces": {
				"east": {"uv": [0, 6, 6, 9], "rotation": 270, "texture": "#texture"},
				"south": {"uv": [0, 0, 6, 6], "texture": "#texture"},
				"west": {"uv": [0, 6, 6, 9], "rotation": 90, "texture": "#texture"},
				"up": {"uv": [0, 6, 6, 9], "rotation": 180, "texture": "#texture"},
				"down": {"uv": [0, 6, 6, 9], "texture": "#texture"}
			}
		},
		{
			"from": [4.5, 4.5, 0],
			"to": [11.5, 11.5, 1],
			"faces": {
				"north": {"uv": [9, 0, 16, 7], "texture": "#texture", "cullface": "north"},
				"east": {"uv": [15, 0, 16, 7], "texture": "#texture"},
				"south": {"uv": [9, 0, 16, 7], "texture": "#texture"},
				"west": {"uv": [9, 0, 10, 7], "texture": "#texture"},
				"up": {"uv": [9, 0, 16, 1], "texture": "#texture"},
				"down": {"uv": [9, 6, 16, 7], "texture": "#texture"}
			}
		}
	]
}