{
	"credit": "Made by Obscuria",
	"parent": "block/block",
	"ambientocclusion": false,
	"textures": {
		"texture": "trident_cliffs:block/sign_railroad_crossing",
		"particle": "#texture"
	},
	"elements": [
		{
			"from": [6, -6, 20],
			"to": [10, 22, 22],
			"rotation": {"angle": -45, "axis": "z", "origin": [8, 8, 21]},
			"faces": {
				"north": {"uv": [7, 1, 9, 15], "texture": "#texture"},
				"east": {"uv": [7, 1, 9, 15], "texture": "#texture"},
				"south": {"uv": [7, 1, 9, 15], "texture": "#texture"},
				"west": {"uv": [7, 1, 9, 15], "texture": "#texture"},
				"up": {"uv": [7, 1, 9, 3], "texture": "#texture"},
				"down": {"uv": [7, 13, 9, 15], "texture": "#texture"}
			}
		},
		{
			"from": [6, -6, 20],
			"to": [10, 6, 22],
			"rotation": {"angle": 45, "axis": "z", "origin": [8, 8, 21]},
			"faces": {
				"north": {"uv": [7, 9, 9, 15], "texture": "#texture"},
				"east": {"uv": [7, 9, 9, 15], "texture": "#texture"},
				"south": {"uv": [7, 9, 9, 15], "texture": "#texture"},
				"west": {"uv": [7, 9, 9, 15], "texture": "#texture"},
				"down": {"uv": [7, 13, 9, 15], "texture": "#texture"}
			}
		},
		{
			"from": [6, 10, 20],
			"to": [10, 22, 22],
			"rotation": {"angle": 45, "axis": "z", "origin": [8, 8, 21]},
			"faces": {
				"north": {"uv": [7, 1, 9, 7], "texture": "#texture"},
				"east": {"uv": [7, 1, 9, 7], "texture": "#texture"},
				"south": {"uv": [7, 1, 9, 7], "texture": "#texture"},
				"west": {"uv": [7, 9, 9, 15], "texture": "#texture"},
				"up": {"uv": [7, 1, 9, 3], "texture": "#texture"}
			}
		}
	]
}