{
	"credit": "Made by Obscuria",
	"textures": {
		"particle": "#texture",
		"texture": "trident_cliffs:block/sign_chevron"
	},
	"elements": [
		{
			"from": [5, 2, 21],
			"to": [15, 14, 23],
			"rotation": {"angle": -45, "axis": "y", "origin": [10, 0, 22]},
			"faces": {
				"north": {"uv": [1.5, 2, 6.5, 14], "texture": "#texture"},
				"east": {"uv": [2.5, 2, 1.5, 14], "rotation": 180, "texture": "#texture"},
				"south": {"uv": [1.5, 2, 6.5, 14], "texture": "#texture"},
				"west": {"uv": [6.5, 2, 5.5, 14], "texture": "#texture"},
				"up": {"uv": [1.5, 4, 6.5, 2], "texture": "#texture"},
				"down": {"uv": [1.5, 14, 6.5, 12], "texture": "#texture"}
			}
		},
		{
			"from": [5, 2, 20.75],
			"to": [15, 14, 20.75],
			"rotation": {"angle": -45, "axis": "y", "origin": [10, 0, 22]},
			"faces": {
				"north": {"uv": [9.5, 2, 14.5, 14], "texture": "#texture"}
			}
		}
	]
}