{
	"credit": "Made by Obscuria",
	"parent": "block/block",
	"ambientocclusion": false,
	"textures": {
		"texture": "trident_cliffs:block/sign_highway_5",
		"particle": "#texture"
	},
	"elements": [
		{
			"from": [0, 5, 20],
			"to": [16, 13, 22],
			"rotation": {"angle": 0, "axis": "y", "origin": [0, 0, 20]},
			"faces": {
				"north": {"uv": [0.5, 0.5, 7.5, 7.5], "texture": "#texture"},
				"east": {"uv": [0.5, 0.5, 7.5, 7.5], "texture": "#texture"},
				"south": {"uv": [0.5, 0.5, 7.5, 7.5], "texture": "#texture"},
				"west": {"uv": [0.5, 0.5, 7.5, 7.5], "texture": "#texture"},
				"up": {"uv": [0.5, 0.5, 7.5, 7.5], "texture": "#texture"},
				"down": {"uv": [0.5, 0.5, 7.5, 7.5], "texture": "#texture"}
			}
		},
		{
			"from": [2.35, -0.65, 19.9],
			"to": [13.65, 10.65, 22.2],
			"rotation": {"angle": 45, "axis": "z", "origin": [8, 5, 21.05]},
			"faces": {
				"north": {"uv": [0.5, 0.5, 7.5, 7.5], "texture": "#texture"},
				"east": {"uv": [0.5, 0.5, 7.5, 7.5], "texture": "#texture"},
				"south": {"uv": [0.5, 0.5, 7.5, 7.5], "texture": "#texture"},
				"west": {"uv": [0.5, 0.5, 7.5, 7.5], "texture": "#texture"},
				"up": {"uv": [0.5, 0.5, 7.5, 7.5], "texture": "#texture"},
				"down": {"uv": [0.5, 0.5, 7.5, 7.5], "texture": "#texture"}
			}
		},
		{
			"from": [12.55, 9.1, 19.9],
			"to": [17.85, 14.4, 22.2],
			"rotation": {"angle": 45, "axis": "z", "origin": [12.2, 8.75, 21.05]},
			"faces": {
				"north": {"uv": [0.5, 0.5, 5.5, 5.5], "texture": "#texture"},
				"east": {"uv": [0.5, 0.5, 2.5, 5.5], "texture": "#texture"},
				"south": {"uv": [0.5, 0.5, 5.5, 5.5], "texture": "#texture"},
				"west": {"uv": [0.5, 0.5, 2.5, 5.5], "texture": "#texture"},
				"up": {"uv": [0.5, 0.5, 5.5, 2.5], "texture": "#texture"},
				"down": {"uv": [0.5, 0.5, 5.5, 2.5], "texture": "#texture"}
			}
		},
		{
			"from": [4.15, 9.1, 19.9],
			"to": [9.45, 14.4, 22.2],
			"rotation": {"angle": 45, "axis": "z", "origin": [3.8, 8.75, 21.05]},
			"faces": {
				"north": {"uv": [0.5, 0.5, 5.5, 5.5], "texture": "#texture"},
				"east": {"uv": [0.5, 0.5, 2.5, 5.5], "texture": "#texture"},
				"south": {"uv": [0.5, 0.5, 5.5, 5.5], "texture": "#texture"},
				"west": {"uv": [0.5, 0.5, 2.5, 5.5], "texture": "#texture"},
				"up": {"uv": [0.5, 0.5, 5.5, 2.5], "texture": "#texture"},
				"down": {"uv": [0.5, 0.5, 5.5, 2.5], "texture": "#texture"}
			}
		},
		{
			"from": [8.5, 9.25, 20.05],
			"to": [13.5, 14.25, 22.05],
			"rotation": {"angle": 45, "axis": "z", "origin": [8, 8.75, 21.05]},
			"faces": {
				"north": {"uv": [0.5, 0.5, 5.5, 5.5], "texture": "#texture"},
				"east": {"uv": [0.5, 0.5, 2.5, 5.5], "texture": "#texture"},
				"south": {"uv": [0.5, 0.5, 5.5, 5.5], "texture": "#texture"},
				"west": {"uv": [0.5, 0.5, 2.5, 5.5], "texture": "#texture"},
				"up": {"uv": [0.5, 0.5, 5.5, 2.5], "texture": "#texture"},
				"down": {"uv": [0.5, 0.5, 5.5, 2.5], "texture": "#texture"}
			}
		},
		{
			"from": [0, -3, 19.75],
			"to": [16, 17, 19.75],
			"rotation": {"angle": 0, "axis": "y", "origin": [0, 0, 17.75]},
			"faces": {
				"north": {"uv": [8, 0, 16, 10], "texture": "#texture"}
			}
		}
	]
}