{
	"credit": "Made by Obscuria",
	"parent": "block/block",
	"ambientocclusion": false,
	"textures": {
		"particle": "#texture"
	},
	"elements": [
		{
			"from": [1, 1, 20.22],
			"to": [15, 15, 20.22],
			"faces": {
				"north": {"uv": [8, 0, 16, 8], "texture": "#texture"}
			}
		},
		{
			"from": [1, 5, 20.32],
			"to": [15, 11, 21.98],
			"rotation": {"angle": 0, "axis": "y", "origin": [8, 8, 21]},
			"faces": {
				"north": {"uv": [0, 0, 8, 8], "rotation": 90, "texture": "#texture"},
				"east": {"uv": [2.5, 4.5, 5.5, 7.5], "rotation": 90, "texture": "#texture"},
				"south": {"uv": [0.5, 4.5, 7.5, 7.5], "texture": "#texture"},
				"west": {"uv": [2.5, 4.375, 5.5, 7.375], "rotation": 270, "texture": "#texture"},
				"up": {"uv": [0.5, 4.5, 7.5, 7.5], "texture": "#texture"},
				"down": {"uv": [0.5, 4.5, 7.5, 7.5], "rotation": 180, "texture": "#texture"}
			}
		},
		{
			"from": [11.42107, 5.17, 20.33],
			"to": [15.08107, 10.83, 21.99],
			"rotation": {"angle": -45, "axis": "z", "origin": [8, 8, 21]},
			"faces": {
				"north": {"uv": [0, 0, 8, 8], "rotation": 270, "texture": "#texture"},
				"east": {"uv": [0, 0, 8, 8], "rotation": 90, "texture": "#texture"},
				"south": {"uv": [0, 0, 8, 8], "rotation": 90, "texture": "#texture"}
			}
		},
		{
			"from": [5.17, 0.91893, 20.33],
			"to": [10.83, 4.57893, 21.99],
			"rotation": {"angle": -45, "axis": "z", "origin": [8, 8, 21]},
			"faces": {
				"north": {"uv": [0, 0, 8, 8], "rotation": 180, "texture": "#texture"},
				"south": {"uv": [0, 0, 8, 8], "rotation": 90, "texture": "#texture"},
				"down": {"uv": [0, 0, 8, 8], "rotation": 90, "texture": "#texture"}
			}
		},
		{
			"from": [5.17, 11.42107, 20.33],
			"to": [10.83, 15.08107, 21.99],
			"rotation": {"angle": 45, "axis": "z", "origin": [8, 8, 21]},
			"faces": {
				"north": {"uv": [0, 0, 8, 8], "texture": "#texture"},
				"south": {"uv": [0, 0, 8, 8], "rotation": 90, "texture": "#texture"},
				"up": {"uv": [0, 0, 8, 8], "rotation": 90, "texture": "#texture"}
			}
		},
		{
			"from": [5.17, 11.42107, 20.33],
			"to": [10.83, 15.08107, 21.99],
			"rotation": {"angle": -45, "axis": "z", "origin": [8, 8, 21]},
			"faces": {
				"north": {"uv": [0, 0, 8, 8], "texture": "#texture"},
				"south": {"uv": [0, 0, 8, 8], "rotation": 90, "texture": "#texture"},
				"up": {"uv": [0, 0, 8, 8], "rotation": 90, "texture": "#texture"}
			}
		},
		{
			"from": [5, 11, 20.32],
			"to": [11, 15, 21.98],
			"rotation": {"angle": 0, "axis": "y", "origin": [8, 8, 21]},
			"faces": {
				"north": {"uv": [0, 0, 8, 8], "texture": "#texture"},
				"east": {"uv": [2.5, 4.125, 5.5, 7.125], "rotation": 90, "texture": "#texture"},
				"south": {"uv": [2.5, 4.875, 5.5, 6.875], "texture": "#texture"},
				"west": {"uv": [2.5, 4, 5.5, 7], "rotation": 270, "texture": "#texture"},
				"up": {"uv": [2.5, 4.125, 5.5, 7.125], "texture": "#texture"}
			}
		},
		{
			"from": [5, 1, 20.32],
			"to": [11, 5, 21.98],
			"rotation": {"angle": 0, "axis": "y", "origin": [8, 8, 21]},
			"faces": {
				"north": {"uv": [0, 0, 8, 8], "rotation": 180, "texture": "#texture"},
				"east": {"uv": [2.5, 4.5, 5.5, 7.5], "rotation": 90, "texture": "#texture"},
				"south": {"uv": [2.5, 5.5, 5.5, 7.5], "texture": "#texture"},
				"west": {"uv": [2.5, 4.625, 5.5, 7.625], "rotation": 270, "texture": "#texture"},
				"down": {"uv": [2.5, 4.625, 5.5, 7.625], "rotation": 180, "texture": "#texture"}
			}
		}
	]
}