{
	"credit": "Made by Obscuria",
	"textures": {
		"particle": "#top"
	},
	"elements": [
		{
			"from": [0, 0, 0],
			"to": [16, 8, 16],
			"faces": {
				"north": {"uv": [0, 8, 16, 16], "texture": "#side_inner", "cullface": "north"},
				"east": {"uv": [0, 8, 16, 16], "texture": "#side_inner", "cullface": "east"},
				"south": {"uv": [0, 8, 16, 16], "texture": "#side_inner", "cullface": "south"},
				"west": {"uv": [0, 8, 16, 16], "texture": "#side_inner", "cullface": "west"},
				"down": {"uv": [16, 0, 0, 16], "texture": "#bottom", "cullface": "down"}
			}
		},
		{
			"from": [0, 8, 0],
			"to": [16, 16, 16],
			"rotation": {"angle": 0, "axis": "y", "origin": [0, 8, 0]},
			"faces": {
				"north": {"uv": [0, 0, 16, 8], "texture": "#side_outer", "cullface": "north"},
				"east": {"uv": [0, 0, 16, 8], "texture": "#side_outer", "cullface": "east"},
				"south": {"uv": [0, 0, 16, 8], "texture": "#side_outer", "cullface": "south"},
				"west": {"uv": [0, 0, 16, 8], "texture": "#side_outer", "cullface": "west"},
				"up": {"uv": [0, 0, 16, 16], "texture": "#top", "cullface": "up"}
			}
		}
	]
}