{
	"ambientocclusion": false,
	"textures": {
		"0": "#texture",
		"particle": "#texture"
	},
	"elements": [
		{
			"from": [6, 0, 6],
			"to": [10, 2, 10],
			"shade": false,
			"faces": {
				"north": {"uv": [0, 4, 4, 6], "texture": "#0"},
				"east": {"uv": [0, 4, 4, 6], "texture": "#0"},
				"south": {"uv": [0, 4, 4, 6], "texture": "#0"},
				"west": {"uv": [0, 4, 4, 6], "texture": "#0"},
				"up": {"uv": [0, 0, 4, 4], "texture": "#0"},
				"down": {"uv": [0, 4, 4, 0], "texture": "#0"}
			}
		},
		{
			"from": [7, 2, 7],
			"to": [9, 5, 9],
			"shade": false,
			"faces": {
				"north": {"uv": [4, 2, 6, 5], "texture": "#0"},
				"east": {"uv": [6, 2, 4, 5], "texture": "#0"},
				"south": {"uv": [4, 2, 6, 5], "texture": "#0"},
				"west": {"uv": [6, 2, 4, 5], "texture": "#0"},
				"up": {"uv": [4, 0, 6, 2], "texture": "#0"}
			}
		},
		{
			"from": [6.5, 1.5, 6.5],
			"to": [9.5, 5.5, 9.5],
			"shade": false,
			"faces": {
				"north": {"uv": [7, 3, 10, 7], "texture": "#0"},
				"east": {"uv": [7, 3, 10, 7], "texture": "#0"},
				"south": {"uv": [7, 3, 10, 7], "texture": "#0"},
				"west": {"uv": [7, 3, 10, 7], "texture": "#0"},
				"up": {"uv": [10, 3, 7, 0], "texture": "#0"}
			}
		}
	],
	"render_type": "cutout_mipped"
}