{
	"credit": "Made by Obscuria",
	"parent": "block/block",
	"ambientocclusion": false,
	"textures": {
		"particle": "#texture"
	},
	"elements": [
		{
			"from": [1, -6, 20],
			"to": [15, 15, 22],
			"faces": {
				"north": {"uv": [0.5, 1, 7.5, 11], "texture": "#texture"},
				"east": {"uv": [0.5, 0.5, 1, 11], "texture": "#texture"},
				"south": {"uv": [0.5, 0.5, 7.5, 11], "texture": "#texture"},
				"west": {"uv": [7, 0.5, 7.5, 11], "texture": "#texture"},
				"up": {"uv": [0.5, 0.5, 7.5, 1], "texture": "#texture"},
				"down": {"uv": [0.5, 10.5, 7.5, 11], "texture": "#texture"}
			}
		},
		{
			"from": [1, -6, 19.9],
			"to": [15, 15, 19.9],
			"faces": {
				"north": {"uv": [8.5, 0.5, 15.5, 11], "texture": "#texture"}
			}
		}
	]
}