{
	"ambientocclusion": false,
	"textures": {
		"particle": "#texture"
	},
	"elements": [
		{
			"from": [-5.99, 4.01, 4.01],
			"to": [-2.01, 11.99, 11.99],
			"rotation": {"angle": 0, "axis": "y", "origin": [8, 0, 8]},
			"faces": {
				"north": {"uv": [1.5, 3.5, 3.5, 7.5], "texture": "#texture"},
				"east": {"uv": [3.5, 7.5, 7.5, 11.5], "texture": "#texture"},
				"south": {"uv": [7.5, 3.5, 9.5, 7.5], "texture": "#texture"},
				"west": {"uv": [3.5, 3.5, 7.5, 7.5], "texture": "#texture"},
				"up": {"uv": [7.5, 3.5, 3.5, 1.5], "rotation": 270, "texture": "#texture"},
				"down": {"uv": [7.5, 1.5, 3.5, 3.5], "rotation": 90, "texture": "#texture"}
			}
		},
		{
			"from": [-1.99, 4.01, 4.01],
			"to": [0.99, 11.99, 11.99],
			"rotation": {"angle": 0, "axis": "y", "origin": [8, 0, 8]},
			"faces": {
				"north": {"uv": [0, 3.5, 1.5, 7.5], "texture": "#texture"},
				"south": {"uv": [9.5, 3.5, 11, 7.5], "texture": "#texture"},
				"up": {"uv": [7.5, 1.5, 3.5, 0], "rotation": 270, "texture": "#texture"}
			}
		},
		{
			"from": [-2, 5, 5],
			"to": [-1, 11, 11],
			"rotation": {"angle": 0, "axis": "y", "origin": [8, 0, 8]},
			"faces": {
				"north": {"uv": [15.5, 0.5, 16, 4], "texture": "#texture"},
				"east": {"uv": [12, 0.5, 15.5, 4], "texture": "#texture"},
				"south": {"uv": [11.5, 0.5, 12, 4], "texture": "#texture"},
				"up": {"uv": [15.5, 0.5, 12, 0], "rotation": 270, "texture": "#texture"},
				"down": {"uv": [15.5, 4, 12, 4.5], "rotation": 90, "texture": "#texture"}
			}
		},
		{
			"from": [-1.99, 4.01, 12.01],
			"to": [0.99, 11.99, 11.99],
			"rotation": {"angle": 0, "axis": "y", "origin": [8, 0, 8]},
			"faces": {
				"north": {"uv": [0, 3.5, 1.5, 7.5], "texture": "#texture"}
			}
		},
		{
			"from": [-1.99, 4.01, 4.01],
			"to": [0.99, 11.99, 3.99],
			"rotation": {"angle": 0, "axis": "y", "origin": [8, 0, 8]},
			"faces": {
				"south": {"uv": [9.5, 3.5, 11, 7.5], "texture": "#texture"}
			}
		},
		{
			"from": [-1.99, 12.01, 4.01],
			"to": [0.99, 11.99, 11.99],
			"rotation": {"angle": 0, "axis": "y", "origin": [8, 0, 8]},
			"faces": {
				"down": {"uv": [7.5, 0, 3.5, 1.5], "rotation": 90, "texture": "#texture"}
			}
		}
	],
	"groups": [
		{
			"name": "group",
			"origin": [8, 8, 8],
			"color": 0,
			"children": [0, 1, 2, 3, 4, 5]
		}
	]
}