{
	"parent": "block/block",
	"ambientocclusion": false,
	"textures": {
		"particle": "#texture"
	},
	"elements": [
		{
			"from": [-4, 3, 20],
			"to": [20, 13, 22],
			"faces": {
				"north": {"uv": [0, 0, 11.75, 5], "texture": "#texture"},
				"east": {"uv": [0, 0, 1, 5], "texture": "#texture"},
				"south": {"uv": [0, 0, 11.75, 5], "texture": "#texture"},
				"west": {"uv": [0, 0, 1, 5], "texture": "#texture"},
				"up": {"uv": [0, 0, 11.75, 1], "texture": "#texture"},
				"down": {"uv": [0, 0, 11.75, 1], "texture": "#texture"}
			}
		},
		{
			"from": [-4, 3, 19.95],
			"to": [20, 13, 19.95],
			"faces": {
				"north": {"uv": [0, 5, 12, 10], "texture": "#texture"}
			}
		}
	]
}