{
	"parent": "block/block",
	"ambientocclusion": false,
	"textures": {
		"particle": "#texture"
	},
	"elements": [
		{
			"from": [1, 1, 20],
			"to": [15, 15, 22],
			"faces": {
				"north": {"uv": [0.5, 1, 7.5, 15], "texture": "#texture"},
				"east": {"uv": [0.5, 1, 1, 15], "texture": "#texture"},
				"south": {"uv": [0.5, 1, 7.5, 15], "texture": "#texture"},
				"west": {"uv": [7, 1, 7.5, 15], "texture": "#texture"},
				"up": {"uv": [0.5, 1, 7.5, 2], "texture": "#texture"},
				"down": {"uv": [0.5, 14, 7.5, 15], "texture": "#texture"}
			}
		},
		{
			"from": [1, 1, 19.9],
			"to": [15, 15, 19.9],
			"faces": {
				"north": {"uv": [8.5, 1, 15.5, 15], "texture": "#texture"}
			}
		}
	]
}