{
	"credit": "Made by Obscuria",
	"parent": "block/block",
	"ambientocclusion": false,
	"textures": {
		"particle": "#texture"
	},
	"elements": [
		{
			"from": [1, 1, 20],
			"to": [15, 15, 22],
			"rotation": {"angle": 45, "axis": "z", "origin": [8, 8, 21]},
			"faces": {
				"north": {"uv": [0.5, 1, 7.5, 15], "texture": "#texture"},
				"east": {"uv": [0.5, 1, 1, 15], "texture": "#texture"},
				"south": {"uv": [0.5, 1, 7.5, 15], "texture": "#texture"},
				"west": {"uv": [7, 1, 7.5, 15], "texture": "#texture"},
				"up": {"uv": [0.5, 1, 7.5, 2], "texture": "#texture"},
				"down": {"uv": [0.5, 14, 7.5, 15], "texture": "#texture"}
			}
		},
		{
			"from": [-1, -1, 19.9],
			"to": [17, 17, 19.9],
			"rotation": {"angle": 0, "axis": "z", "origin": [8, 8, 19.9]},
			"faces": {
				"north": {"uv": [8, 0, 16, 16], "texture": "#texture"}
			}
		}
	]
}