{
	"credit": "Made by Obscuria",
	"ambientocclusion": false,
	"render_type": "cutout_mipped",
	"textures": {
		"0": "trident_cliffs:block/wall_lamp",
		"particle": "trident_cliffs:block/wall_lamp"
	},
	"elements": [
		{
			"from": [0, 1, 5],
			"to": [1, 10, 11],
			"rotation": {"angle": 0, "axis": "y", "origin": [17, 0, 0]},
			"faces": {
				"north": {"uv": [5, 0, 6, 9], "texture": "#0"},
				"east": {"uv": [0, 0, 6, 9], "texture": "#0"},
				"south": {"uv": [0, 0, 1, 9], "texture": "#0"},
				"west": {"uv": [0, 0, 6, 9], "texture": "#0"},
				"up": {"uv": [0, 0, 6, 1], "rotation": 90, "texture": "#0"},
				"down": {"uv": [0, 8, 6, 9], "rotation": 270, "texture": "#0"}
			}
		},
		{
			"from": [-0.75, 1, 4],
			"to": [8.25, 6, 4],
			"rotation": {"angle": 45, "axis": "y", "origin": [5, 6, 4]},
			"faces": {
				"north": {"uv": [16, 11, 7, 16], "texture": "#0"},
				"east": {"uv": [0, 0, 0, 0], "texture": "#0"},
				"south": {"uv": [7, 11, 16, 16], "texture": "#0"}
			}
		},
		{
			"from": [-0.75, 1, 12],
			"to": [8.25, 6, 12],
			"rotation": {"angle": -45, "axis": "y", "origin": [5, 6, 12]},
			"faces": {
				"north": {"uv": [16, 11, 7, 16], "texture": "#0"},
				"east": {"uv": [0, 0, 0, 0], "texture": "#0"},
				"south": {"uv": [7, 11, 16, 16], "texture": "#0"}
			}
		},
		{
			"from": [3, 7.5, 1],
			"to": [8, 14.5, 6],
			"rotation": {"angle": 0, "axis": "y", "origin": [17.5, -0.5, -0.5]},
			"faces": {
				"north": {"uv": [7, 3, 12, 10], "texture": "#0"},
				"east": {"uv": [7, 3, 12, 10], "texture": "#0"},
				"south": {"uv": [7, 3, 12, 10], "texture": "#0"},
				"west": {"uv": [7, 3, 12, 10], "texture": "#0"},
				"up": {"uv": [0, 11, 5, 16], "rotation": 90, "texture": "#0"},
				"down": {"uv": [0, 11, 5, 16], "rotation": 270, "texture": "#0"}
			}
		},
		{
			"from": [3.5, 5.5, 1.5],
			"to": [7.5, 7.5, 5.5],
			"rotation": {"angle": 0, "axis": "y", "origin": [17.5, -0.5, -0.5]},
			"faces": {
				"north": {"uv": [12, 8, 16, 10], "texture": "#0"},
				"east": {"uv": [12, 8, 16, 10], "texture": "#0"},
				"south": {"uv": [12, 8, 16, 10], "texture": "#0"},
				"west": {"uv": [12, 8, 16, 10], "texture": "#0"},
				"down": {"uv": [12, 4, 16, 8], "rotation": 270, "texture": "#0"}
			}
		},
		{
			"from": [3, 7.5, 10],
			"to": [8, 14.5, 15],
			"rotation": {"angle": 0, "axis": "y", "origin": [17.5, -0.5, 8.5]},
			"faces": {
				"north": {"uv": [7, 3, 12, 10], "texture": "#0"},
				"east": {"uv": [7, 3, 12, 10], "texture": "#0"},
				"south": {"uv": [7, 3, 12, 10], "texture": "#0"},
				"west": {"uv": [7, 3, 12, 10], "texture": "#0"},
				"up": {"uv": [0, 11, 5, 16], "rotation": 90, "texture": "#0"},
				"down": {"uv": [0, 11, 5, 16], "rotation": 270, "texture": "#0"}
			}
		},
		{
			"from": [3.5, 5.5, 10.5],
			"to": [7.5, 7.5, 14.5],
			"rotation": {"angle": 0, "axis": "y", "origin": [17.5, -0.5, 0.5]},
			"faces": {
				"north": {"uv": [12, 8, 16, 10], "texture": "#0"},
				"east": {"uv": [12, 8, 16, 10], "texture": "#0"},
				"south": {"uv": [12, 8, 16, 10], "texture": "#0"},
				"west": {"uv": [12, 8, 16, 10], "texture": "#0"},
				"down": {"uv": [12, 4, 16, 8], "rotation": 270, "texture": "#0"}
			}
		}
	],
	"gui_light": "front",
	"display": {
		"thirdperson_righthand": {
			"translation": [0, 1, -2.5],
			"scale": [0.5, 0.5, 0.5]
		},
		"thirdperson_lefthand": {
			"translation": [0, 1, -2.5],
			"scale": [0.5, 0.5, 0.5]
		},
		"firstperson_righthand": {
			"translation": [0, 2.75, 0],
			"scale": [0.4, 0.4, 0.4]
		},
		"firstperson_lefthand": {
			"translation": [0, 2.75, 0],
			"scale": [0.4, 0.4, 0.4]
		},
		"ground": {
			"translation": [-1, 0, -1],
			"scale": [0.35, 0.35, 0.35]
		},
		"gui": {
			"rotation": [30, 225, 0],
			"scale": [0.625, 0.625, 0.625]
		},
		"head": {
			"translation": [0, 7, -7]
		},
		"fixed": {
			"translation": [0, 0, -7.25]
		}
	},
	"groups": [
		{
			"name": "group",
			"origin": [0, 0, 0],
			"color": 0,
			"children": [
				0,
				1,
				2,
				{
					"name": "group",
					"origin": [0, 0, 0],
					"color": 0,
					"children": [3, 4]
				},
				{
					"name": "group",
					"origin": [0, 0, 0],
					"color": 0,
					"children": [5, 6]
				}
			]
		}
	]
}