{
  "variants": {
    "type=bottom": [
      {"model":"minecraft:block/andesite_slab"},
      {"model":"minecraft:block/andesite_slab", "y":90},
      {"model":"minecraft:block/andesite_slab", "y":180},
      {"model":"minecraft:block/andesite_slab", "y":270}
    ],
    "type=double": [
      {"model":"minecraft:block/andesite"},
      {"model":"minecraft:block/andesite","x":90},
      {"model":"minecraft:block/andesite","x":180},
      {"model":"minecraft:block/andesite","x":270},
      {"model":"minecraft:block/andesite","y":90},
      {"model":"minecraft:block/andesite","y":90,"x":90},
      {"model":"minecraft:block/andesite","y":90,"x":180},
      {"model":"minecraft:block/andesite","y":90,"x":270},
      {"model":"minecraft:block/andesite","y":180},
      {"model":"minecraft:block/andesite","y":180,"x":90},
      {"model":"minecraft:block/andesite","y":180,"x":180},
      {"model":"minecraft:block/andesite","y":180,"x":270},
      {"model":"minecraft:block/andesite","y":270},
      {"model":"minecraft:block/andesite","y":270,"x":90},
      {"model":"minecraft:block/andesite","y":270,"x":180},
      {"model":"minecraft:block/andesite","y":270,"x":270}
    ],
    "type=top": [
      {"model":"minecraft:block/andesite_slab_top"},
      {"model":"minecraft:block/andesite_slab_top", "y":90},
      {"model":"minecraft:block/andesite_slab_top", "y":180},
      {"model":"minecraft:block/andesite_slab_top", "y":270}
    ]
  }
}