{
  "override": "Street Decorations",
  "variants": {

    "facing=north,half=bottom,open=false": { "model": "trident_cliffs:block/street/parking_meter" },
    "facing=east,half=bottom,open=false": { "model": "trident_cliffs:block/street/parking_meter", "y": 90 },
    "facing=south,half=bottom,open=false": { "model": "trident_cliffs:block/street/parking_meter", "y": 180 },
    "facing=west,half=bottom,open=false": { "model": "trident_cliffs:block/street/parking_meter", "y": 270 },

    "facing=north,half=bottom,open=true": { "model": "trident_cliffs:block/street/garbage_container" },
    "facing=east,half=bottom,open=true": { "model": "trident_cliffs:block/street/garbage_container", "y": 90 },
    "facing=south,half=bottom,open=true": { "model": "trident_cliffs:block/street/garbage_container", "y": 180 },
    "facing=west,half=bottom,open=true": { "model": "trident_cliffs:block/street/garbage_container", "y": 270 },

    "facing=north,half=top,open=false": { "model": "trident_cliffs:block/street/post_box" },
    "facing=east,half=top,open=false": { "model": "trident_cliffs:block/street/post_box", "y": 90 },
    "facing=south,half=top,open=false": { "model": "trident_cliffs:block/street/post_box", "y": 180 },
    "facing=west,half=top,open=false": { "model": "trident_cliffs:block/street/post_box", "y": 270 },

    "facing=north,half=top,open=true": { "model": "trident_cliffs:block/street/power_box" },
    "facing=east,half=top,open=true": { "model": "trident_cliffs:block/street/power_box", "y": 90 },
    "facing=south,half=top,open=true": { "model": "trident_cliffs:block/street/power_box", "y": 180 },
    "facing=west,half=top,open=true": { "model": "trident_cliffs:block/street/power_box", "y": 270 }
  }
}