{
  "override": "Furniture & Street Decorations",
  "variants": {

    "facing=north,half=bottom,open=false": { "model": "trident_cliffs:block/furniture/phone" },
    "facing=east,half=bottom,open=false": { "model": "trident_cliffs:block/furniture/phone", "y": 90 },
    "facing=south,half=bottom,open=false": { "model": "trident_cliffs:block/furniture/phone", "y": 180 },
    "facing=west,half=bottom,open=false": { "model": "trident_cliffs:block/furniture/phone", "y": 270 },

    "facing=north,half=bottom,open=true": { "model": "trident_cliffs:block/furniture/heater" },
    "facing=east,half=bottom,open=true": { "model": "trident_cliffs:block/furniture/heater", "y": 90 },
    "facing=south,half=bottom,open=true": { "model": "trident_cliffs:block/furniture/heater", "y": 180 },
    "facing=west,half=bottom,open=true": { "model": "trident_cliffs:block/furniture/heater", "y": 270 },

    "facing=north,half=top,open=false": { "model": "trident_cliffs:block/street/public_phone" },
    "facing=east,half=top,open=false": { "model": "trident_cliffs:block/street/public_phone", "y": 90 },
    "facing=south,half=top,open=false": { "model": "trident_cliffs:block/street/public_phone", "y": 180 },
    "facing=west,half=top,open=false": { "model": "trident_cliffs:block/street/public_phone", "y": 270 },

    "facing=north,half=top,open=true": { "model": "trident_cliffs:block/furniture/blinds" },
    "facing=east,half=top,open=true": { "model": "trident_cliffs:block/furniture/blinds", "y": 90 },
    "facing=south,half=top,open=true": { "model": "trident_cliffs:block/furniture/blinds", "y": 180 },
    "facing=west,half=top,open=true": { "model": "trident_cliffs:block/furniture/blinds", "y": 270 }
  }
}