{
  "variants": {
    "type=bottom": [
      {"model":"minecraft:block/diorite_slab"},
      {"model":"minecraft:block/diorite_slab", "y":90},
      {"model":"minecraft:block/diorite_slab", "y":180},
      {"model":"minecraft:block/diorite_slab", "y":270}
    ],
    "type=double": [
      {"model":"minecraft:block/diorite"},
      {"model":"minecraft:block/diorite","x":90},
      {"model":"minecraft:block/diorite","x":180},
      {"model":"minecraft:block/diorite","x":270},
      {"model":"minecraft:block/diorite","y":90},
      {"model":"minecraft:block/diorite","y":90,"x":90},
      {"model":"minecraft:block/diorite","y":90,"x":180},
      {"model":"minecraft:block/diorite","y":90,"x":270},
      {"model":"minecraft:block/diorite","y":180},
      {"model":"minecraft:block/diorite","y":180,"x":90},
      {"model":"minecraft:block/diorite","y":180,"x":180},
      {"model":"minecraft:block/diorite","y":180,"x":270},
      {"model":"minecraft:block/diorite","y":270},
      {"model":"minecraft:block/diorite","y":270,"x":90},
      {"model":"minecraft:block/diorite","y":270,"x":180},
      {"model":"minecraft:block/diorite","y":270,"x":270}
    ],
    "type=top": [
      {"model":"minecraft:block/diorite_slab_top"},
      {"model":"minecraft:block/diorite_slab_top", "y":90},
      {"model":"minecraft:block/diorite_slab_top", "y":180},
      {"model":"minecraft:block/diorite_slab_top", "y":270}
    ]
  }
}