{
  "variants": {
    "facing=down": {
      "model": "minecraft:block/dropper_vertical",
      "x": 180
    },
    "facing=up": {
      "model": "minecraft:block/dropper_vertical"
    },
    "facing=north": {
      "model": "minecraft:block/vending_machine/pluvs"
    },
    "facing=east": {
      "model": "minecraft:block/vending_machine/pluvs",
      "y": 90
    },
    "facing=south": {
      "model": "minecraft:block/vending_machine/pluvs",
      "y": 180
    },
    "facing=west": {
      "model": "minecraft:block/vending_machine/pluvs",
      "y": 270
    }
  }
}