{
  "variants": {
    "facing=up": {
      "model": "minecraft:block/end_rod"
    },
    "facing=down": {
      "model": "trident_cliffs:block/light_bulb",
      "x": 270
    },
    "facing=north": {
      "model": "trident_cliffs:block/light_bulb",
      "y": 180
    },
    "facing=east": {
      "model": "trident_cliffs:block/light_bulb",
      "y": 270
    },
    "facing=south": {
      "model": "trident_cliffs:block/light_bulb"
    },
    "facing=west": {
      "model": "trident_cliffs:block/light_bulb",
      "y": 90
    }
  }
}