{
  "override": "Mixed Decorations",
  "variants": {

    "facing=north,half=bottom,open=false": { "model": "trident_cliffs:block/furniture/old_tv" },
    "facing=east,half=bottom,open=false": { "model": "trident_cliffs:block/furniture/old_tv", "y": 90 },
    "facing=south,half=bottom,open=false": { "model": "trident_cliffs:block/furniture/old_tv", "y": 180 },
    "facing=west,half=bottom,open=false": { "model": "trident_cliffs:block/furniture/old_tv", "y": 270 },

    "facing=north,half=bottom,open=true": { "model": "trident_cliffs:block/furniture/modern_tv" },
    "facing=east,half=bottom,open=true": { "model": "trident_cliffs:block/furniture/modern_tv", "y": 90 },
    "facing=south,half=bottom,open=true": { "model": "trident_cliffs:block/furniture/modern_tv", "y": 180 },
    "facing=west,half=bottom,open=true": { "model": "trident_cliffs:block/furniture/modern_tv", "y": 270 },

    "facing=north,half=top,open=false": { "model": "trident_cliffs:block/street/atm" },
    "facing=east,half=top,open=false": { "model": "trident_cliffs:block/street/atm", "y": 90 },
    "facing=south,half=top,open=false": { "model": "trident_cliffs:block/street/atm", "y": 180 },
    "facing=west,half=top,open=false": { "model": "trident_cliffs:block/street/atm", "y": 270 },

    "facing=north,half=top,open=true": { "model": "trident_cliffs:block/street/camera" },
    "facing=east,half=top,open=true": { "model": "trident_cliffs:block/street/camera", "y": 90 },
    "facing=south,half=top,open=true": { "model": "trident_cliffs:block/street/camera", "y": 180 },
    "facing=west,half=top,open=true": { "model": "trident_cliffs:block/street/camera", "y": 270 }
  }
}