{
  "override": "Street Decorations",
  "variants": {

    "facing=north,half=bottom,open=false": { "model": "trident_cliffs:block/street/fire_hydrant" },
    "facing=east,half=bottom,open=false": { "model": "trident_cliffs:block/street/fire_hydrant", "y": 90 },
    "facing=south,half=bottom,open=false": { "model": "trident_cliffs:block/street/fire_hydrant", "y": 180 },
    "facing=west,half=bottom,open=false": { "model": "trident_cliffs:block/street/fire_hydrant", "y": 270 },

    "facing=north,half=bottom,open=true": { "model": "trident_cliffs:block/street/news_stand" },
    "facing=east,half=bottom,open=true": { "model": "trident_cliffs:block/street/news_stand", "y": 90 },
    "facing=south,half=bottom,open=true": { "model": "trident_cliffs:block/street/news_stand", "y": 180 },
    "facing=west,half=bottom,open=true": { "model": "trident_cliffs:block/street/news_stand", "y": 270 },

    "facing=north,half=top,open=false": { "model": "trident_cliffs:block/street/trash_can" },
    "facing=east,half=top,open=false": { "model": "trident_cliffs:block/street/trash_can", "y": 90 },
    "facing=south,half=top,open=false": { "model": "trident_cliffs:block/street/trash_can", "y": 180 },
    "facing=west,half=top,open=false": { "model": "trident_cliffs:block/street/trash_can", "y": 270 },

    "facing=north,half=top,open=true": { "model": "trident_cliffs:block/street/mail_box" },
    "facing=east,half=top,open=true": { "model": "trident_cliffs:block/street/mail_box", "y": 90 },
    "facing=south,half=top,open=true": { "model": "trident_cliffs:block/street/mail_box", "y": 180 },
    "facing=west,half=top,open=true": { "model": "trident_cliffs:block/street/mail_box", "y": 270 }
  }
}