{
  "multipart": [
    {
      "apply": {
        "model": "minecraft:block/polished_blackstone_brick_wall/post"
      },
      "when": {
        "up": "true"
      }
    },
    {
      "apply": {
          "model": "minecraft:block/polished_blackstone_brick_wall/side",
          "uvlock": true
        },
      "when": {
        "north": "low"
      }
    },
    {
      "apply":
        {
          "model": "minecraft:block/polished_blackstone_brick_wall/side",
          "uvlock": true,
          "y": 90
        },
      "when": {
        "east": "low"
      }
    },
    {
      "apply":
        {
          "model": "minecraft:block/polished_blackstone_brick_wall/side",
          "uvlock": true,
          "y": 180
        },
      "when": {
        "south": "low"
      }
    },
    {
      "apply":
        {
          "model": "minecraft:block/polished_blackstone_brick_wall/side",
          "uvlock": true,
          "y": 270
        },
      "when": {
        "west": "low"
      }
    },
    {
      "apply": 
        {
          "model": "minecraft:block/polished_blackstone_brick_wall/side_tall",
          "uvlock": true
        },
      "when": {
        "north": "tall"
      }
    },
    {
      "apply":
        {
          "model": "minecraft:block/polished_blackstone_brick_wall/side_tall",
          "uvlock": true,
          "y": 90
        },
      "when": {
        "east": "tall"
      }
    },
    {
      "apply":
        {
          "model": "minecraft:block/polished_blackstone_brick_wall/side_tall",
          "uvlock": true,
          "y": 180
        },
      "when": {
        "south": "tall"
      }
    },
    {
      "apply":
        {
          "model": "minecraft:block/polished_blackstone_brick_wall/side_tall",
          "uvlock": true,
          "y": 270
        },
      "when": {
        "west": "tall"
      }
    }
  ]
}