{
    "variants": {
        "facing=east,half=bottom,shape=straight":  { "model": "block/red_sandstone_stairs/common" },
        "facing=west,half=bottom,shape=straight":  { "model": "block/red_sandstone_stairs/common", "y": 180, "uvlock": true },
        "facing=south,half=bottom,shape=straight": { "model": "block/red_sandstone_stairs/common", "y": 90, "uvlock": true },
        "facing=north,half=bottom,shape=straight": { "model": "block/red_sandstone_stairs/common", "y": 270, "uvlock": true },
        "facing=east,half=bottom,shape=outer_right":  { "model": "block/red_sandstone_stairs/outer" },
        "facing=west,half=bottom,shape=outer_right":  { "model": "block/red_sandstone_stairs/outer", "y": 180, "uvlock": true },
        "facing=south,half=bottom,shape=outer_right": { "model": "block/red_sandstone_stairs/outer", "y": 90, "uvlock": true },
        "facing=north,half=bottom,shape=outer_right": { "model": "block/red_sandstone_stairs/outer", "y": 270, "uvlock": true },
        "facing=east,half=bottom,shape=outer_left":  { "model": "block/red_sandstone_stairs/outer", "y": 270, "uvlock": true },
        "facing=west,half=bottom,shape=outer_left":  { "model": "block/red_sandstone_stairs/outer", "y": 90, "uvlock": true },
        "facing=south,half=bottom,shape=outer_left": { "model": "block/red_sandstone_stairs/outer" },
        "facing=north,half=bottom,shape=outer_left": { "model": "block/red_sandstone_stairs/outer", "y": 180, "uvlock": true },
        "facing=east,half=bottom,shape=inner_right":  { "model": "block/red_sandstone_stairs/inner" },
        "facing=west,half=bottom,shape=inner_right":  { "model": "block/red_sandstone_stairs/inner", "y": 180, "uvlock": true },
        "facing=south,half=bottom,shape=inner_right": { "model": "block/red_sandstone_stairs/inner", "y": 90, "uvlock": true },
        "facing=north,half=bottom,shape=inner_right": { "model": "block/red_sandstone_stairs/inner", "y": 270, "uvlock": true },
        "facing=east,half=bottom,shape=inner_left":  { "model": "block/red_sandstone_stairs/inner", "y": 270, "uvlock": true },
        "facing=west,half=bottom,shape=inner_left":  { "model": "block/red_sandstone_stairs/inner", "y": 90, "uvlock": true },
        "facing=south,half=bottom,shape=inner_left": { "model": "block/red_sandstone_stairs/inner" },
        "facing=north,half=bottom,shape=inner_left": { "model": "block/red_sandstone_stairs/inner", "y": 180, "uvlock": true },
        "facing=east,half=top,shape=straight":  { "model": "block/red_sandstone_stairs/top", "x": 180, "uvlock": true },
        "facing=west,half=top,shape=straight":  { "model": "block/red_sandstone_stairs/top", "x": 180, "y": 180, "uvlock": true },
        "facing=south,half=top,shape=straight": { "model": "block/red_sandstone_stairs/top", "x": 180, "y": 90, "uvlock": true },
        "facing=north,half=top,shape=straight": { "model": "block/red_sandstone_stairs/top", "x": 180, "y": 270, "uvlock": true },
        "facing=east,half=top,shape=outer_right":  { "model": "block/red_sandstone_stairs/outer_top", "x": 180, "y": 90, "uvlock": true },
        "facing=west,half=top,shape=outer_right":  { "model": "block/red_sandstone_stairs/outer_top", "x": 180, "y": 270, "uvlock": true },
        "facing=south,half=top,shape=outer_right": { "model": "block/red_sandstone_stairs/outer_top", "x": 180, "y": 180, "uvlock": true },
        "facing=north,half=top,shape=outer_right": { "model": "block/red_sandstone_stairs/outer_top", "x": 180, "uvlock": true },
        "facing=east,half=top,shape=outer_left":  { "model": "block/red_sandstone_stairs/outer_top", "x": 180, "uvlock": true },
        "facing=west,half=top,shape=outer_left":  { "model": "block/red_sandstone_stairs/outer_top", "x": 180, "y": 180, "uvlock": true },
        "facing=south,half=top,shape=outer_left": { "model": "block/red_sandstone_stairs/outer_top", "x": 180, "y": 90, "uvlock": true },
        "facing=north,half=top,shape=outer_left": { "model": "block/red_sandstone_stairs/outer_top", "x": 180, "y": 270, "uvlock": true },
        "facing=east,half=top,shape=inner_right":  { "model": "block/red_sandstone_stairs/inner_top", "x": 180, "y": 90, "uvlock": true },
        "facing=west,half=top,shape=inner_right":  { "model": "block/red_sandstone_stairs/inner_top", "x": 180, "y": 270, "uvlock": true },
        "facing=south,half=top,shape=inner_right": { "model": "block/red_sandstone_stairs/inner_top", "x": 180, "y": 180, "uvlock": true },
        "facing=north,half=top,shape=inner_right": { "model": "block/red_sandstone_stairs/inner_top", "x": 180, "uvlock": true },
        "facing=east,half=top,shape=inner_left":  { "model": "block/red_sandstone_stairs/inner_top", "x": 180, "uvlock": true },
        "facing=west,half=top,shape=inner_left":  { "model": "block/red_sandstone_stairs/inner_top", "x": 180, "y": 180, "uvlock": true },
        "facing=south,half=top,shape=inner_left": { "model": "block/red_sandstone_stairs/inner_top", "x": 180, "y": 90, "uvlock": true },
        "facing=north,half=top,shape=inner_left": { "model": "block/red_sandstone_stairs/inner_top", "x": 180, "y": 270, "uvlock": true }
    }
}
