{
  "variants": {
    "type=bottom": [
      {"model":"minecraft:block/smooth_red_sandstone_slab"},
      {"model":"minecraft:block/smooth_red_sandstone_slab", "y":90},
      {"model":"minecraft:block/smooth_red_sandstone_slab", "y":180},
      {"model":"minecraft:block/smooth_red_sandstone_slab", "y":270}
    ],
    "type=double": [
      {"model":"minecraft:block/smooth_red_sandstone"},
      {"model":"minecraft:block/smooth_red_sandstone","x":90},
      {"model":"minecraft:block/smooth_red_sandstone","x":180},
      {"model":"minecraft:block/smooth_red_sandstone","x":270},
      {"model":"minecraft:block/smooth_red_sandstone","y":90},
      {"model":"minecraft:block/smooth_red_sandstone","y":90,"x":90},
      {"model":"minecraft:block/smooth_red_sandstone","y":90,"x":180},
      {"model":"minecraft:block/smooth_red_sandstone","y":90,"x":270},
      {"model":"minecraft:block/smooth_red_sandstone","y":180},
      {"model":"minecraft:block/smooth_red_sandstone","y":180,"x":90},
      {"model":"minecraft:block/smooth_red_sandstone","y":180,"x":180},
      {"model":"minecraft:block/smooth_red_sandstone","y":180,"x":270},
      {"model":"minecraft:block/smooth_red_sandstone","y":270},
      {"model":"minecraft:block/smooth_red_sandstone","y":270,"x":90},
      {"model":"minecraft:block/smooth_red_sandstone","y":270,"x":180},
      {"model":"minecraft:block/smooth_red_sandstone","y":270,"x":270}
    ],
    "type=top": [
      {"model":"minecraft:block/smooth_red_sandstone_slab_top"},
      {"model":"minecraft:block/smooth_red_sandstone_slab_top", "y":90},
      {"model":"minecraft:block/smooth_red_sandstone_slab_top", "y":180},
      {"model":"minecraft:block/smooth_red_sandstone_slab_top", "y":270}
    ]
  }
}