{
  "override": "Traffic Signs",
  "variants": {

    "facing=north,half=bottom,open=false": { "model": "trident_cliffs:block/sign_left_turn" },
    "facing=east,half=bottom,open=false": { "model": "trident_cliffs:block/sign_left_turn", "y": 90 },
    "facing=south,half=bottom,open=false": { "model": "trident_cliffs:block/sign_left_turn", "y": 180 },
    "facing=west,half=bottom,open=false": { "model": "trident_cliffs:block/sign_left_turn", "y": 270 },

    "facing=north,half=bottom,open=true": { "model": "trident_cliffs:block/sign_right_turn" },
    "facing=east,half=bottom,open=true": { "model": "trident_cliffs:block/sign_right_turn", "y": 90 },
    "facing=south,half=bottom,open=true": { "model": "trident_cliffs:block/sign_right_turn", "y": 180 },
    "facing=west,half=bottom,open=true": { "model": "trident_cliffs:block/sign_right_turn", "y": 270 },

    "facing=north,half=top,open=false": { "model": "trident_cliffs:block/sign_pedestrian" },
    "facing=east,half=top,open=false": { "model": "trident_cliffs:block/sign_pedestrian", "y": 90 },
    "facing=south,half=top,open=false": { "model": "trident_cliffs:block/sign_pedestrian", "y": 180 },
    "facing=west,half=top,open=false": { "model": "trident_cliffs:block/sign_pedestrian", "y": 270 },

    "facing=north,half=top,open=true": { "model": "trident_cliffs:block/sign_foxes_ahead" },
    "facing=east,half=top,open=true": { "model": "trident_cliffs:block/sign_foxes_ahead", "y": 90 },
    "facing=south,half=top,open=true": { "model": "trident_cliffs:block/sign_foxes_ahead", "y": 180 },
    "facing=west,half=top,open=true": { "model": "trident_cliffs:block/sign_foxes_ahead", "y": 270 }
  }
}