{
  "override": "Traffic Signs",
  "variants": {

    "facing=north,half=bottom,open=false": { "model": "trident_cliffs:block/sign_parking" },
    "facing=east,half=bottom,open=false": { "model": "trident_cliffs:block/sign_parking", "y": 90 },
    "facing=south,half=bottom,open=false": { "model": "trident_cliffs:block/sign_parking", "y": 180 },
    "facing=west,half=bottom,open=false": { "model": "trident_cliffs:block/sign_parking", "y": 270 },

    "facing=north,half=bottom,open=true": { "model": "trident_cliffs:block/sign_hospital" },
    "facing=east,half=bottom,open=true": { "model": "trident_cliffs:block/sign_hospital", "y": 90 },
    "facing=south,half=bottom,open=true": { "model": "trident_cliffs:block/sign_hospital", "y": 180 },
    "facing=west,half=bottom,open=true": { "model": "trident_cliffs:block/sign_hospital", "y": 270 },

    "facing=north,half=top,open=false": { "model": "trident_cliffs:block/sign_bus_stop" },
    "facing=east,half=top,open=false": { "model": "trident_cliffs:block/sign_bus_stop", "y": 90 },
    "facing=south,half=top,open=false": { "model": "trident_cliffs:block/sign_bus_stop", "y": 180 },
    "facing=west,half=top,open=false": { "model": "trident_cliffs:block/sign_bus_stop", "y": 270 },

    "facing=north,half=top,open=true": { "model": "trident_cliffs:block/sign_street" },
    "facing=east,half=top,open=true": { "model": "trident_cliffs:block/sign_street", "y": 90 },
    "facing=south,half=top,open=true": { "model": "trident_cliffs:block/sign_street", "y": 180 },
    "facing=west,half=top,open=true": { "model": "trident_cliffs:block/sign_street", "y": 270 }
  }
}