{
  "override": "Traffic Signs",
  "variants": {

    "facing=north,half=bottom,open=false": { "model": "trident_cliffs:block/sign_railroad_crossing" },
    "facing=east,half=bottom,open=false": { "model": "trident_cliffs:block/sign_railroad_crossing", "y": 90 },
    "facing=south,half=bottom,open=false": { "model": "trident_cliffs:block/sign_railroad_crossing", "y": 180 },
    "facing=west,half=bottom,open=false": { "model": "trident_cliffs:block/sign_railroad_crossing", "y": 270 },

    "facing=north,half=bottom,open=true": { "model": "trident_cliffs:block/sign_chevron" },
    "facing=east,half=bottom,open=true": { "model": "trident_cliffs:block/sign_chevron", "y": 90 },
    "facing=south,half=bottom,open=true": { "model": "trident_cliffs:block/sign_chevron", "y": 180 },
    "facing=west,half=bottom,open=true": { "model": "trident_cliffs:block/sign_chevron", "y": 270 },

    "facing=north,half=top,open=false": { "model": "trident_cliffs:block/sign_highway_5" },
    "facing=east,half=top,open=false": { "model": "trident_cliffs:block/sign_highway_5", "y": 90 },
    "facing=south,half=top,open=false": { "model": "trident_cliffs:block/sign_highway_5", "y": 180 },
    "facing=west,half=top,open=false": { "model": "trident_cliffs:block/sign_highway_5", "y": 270 },

    "facing=north,half=top,open=true": { "model": "trident_cliffs:block/sign_speed_20" },
    "facing=east,half=top,open=true": { "model": "trident_cliffs:block/sign_speed_20", "y": 90 },
    "facing=south,half=top,open=true": { "model": "trident_cliffs:block/sign_speed_20", "y": 180 },
    "facing=west,half=top,open=true": { "model": "trident_cliffs:block/sign_speed_20", "y": 270 }
  }
}