{
  "override": "Traffic Signs",
  "variants": {

    "facing=north,half=bottom,open=false": { "model": "trident_cliffs:block/sign_one_way_left" },
    "facing=east,half=bottom,open=false": { "model": "trident_cliffs:block/sign_one_way_left", "y": 90 },
    "facing=south,half=bottom,open=false": { "model": "trident_cliffs:block/sign_one_way_left", "y": 180 },
    "facing=west,half=bottom,open=false": { "model": "trident_cliffs:block/sign_one_way_left", "y": 270 },

    "facing=north,half=bottom,open=true": { "model": "trident_cliffs:block/sign_stop" },
    "facing=east,half=bottom,open=true": { "model": "trident_cliffs:block/sign_stop", "y": 90 },
    "facing=south,half=bottom,open=true": { "model": "trident_cliffs:block/sign_stop", "y": 180 },
    "facing=west,half=bottom,open=true": { "model": "trident_cliffs:block/sign_stop", "y": 270 },

    "facing=north,half=top,open=false": { "model": "trident_cliffs:block/sign_one_way_right" },
    "facing=east,half=top,open=false": { "model": "trident_cliffs:block/sign_one_way_right", "y": 90 },
    "facing=south,half=top,open=false": { "model": "trident_cliffs:block/sign_one_way_right", "y": 180 },
    "facing=west,half=top,open=false": { "model": "trident_cliffs:block/sign_one_way_right", "y": 270 },

    "facing=north,half=top,open=true": { "model": "trident_cliffs:block/sign_do_not_enter" },
    "facing=east,half=top,open=true": { "model": "trident_cliffs:block/sign_do_not_enter", "y": 90 },
    "facing=south,half=top,open=true": { "model": "trident_cliffs:block/sign_do_not_enter", "y": 180 },
    "facing=west,half=top,open=true": { "model": "trident_cliffs:block/sign_do_not_enter", "y": 270 }
  }
}