{
	"credit": "Made by Obscuria",
	"parent": "block/block",
	"texture_size": [128, 128],
	"textures": {
		"particle": "trident_cliffs:block/street/atm",
		"texture": "trident_cliffs:block/street/atm"
	},
	"elements": [
		{
			"from": [-1, 1, -3],
			"to": [1, 15, 0],
			"rotation": {"angle": 0, "axis": "y", "origin": [1, 0, 0]},
			"faces": {
				"north": {"uv": [2.75, 7.5, 3, 9.25], "texture": "#texture"},
				"east": {"uv": [1.375, 7.5, 1.75, 9.25], "texture": "#texture"},
				"south": {"uv": [2.5, 7.5, 2.75, 9.25], "texture": "#texture"},
				"west": {"uv": [1, 7.5, 1.375, 9.25], "texture": "#texture"}
			}
		},
		{
			"from": [15, 1, -3],
			"to": [17, 15, 0],
			"rotation": {"angle": 0, "axis": "y", "origin": [18, 0, 0]},
			"faces": {
				"north": {"uv": [3.25, 7.5, 3.5, 9.25], "texture": "#texture"},
				"east": {"uv": [2.125, 7.5, 2.5, 9.25], "texture": "#texture"},
				"south": {"uv": [3, 7.5, 3.25, 9.25], "texture": "#texture"},
				"west": {"uv": [1.75, 7.5, 2.125, 9.25], "texture": "#texture"}
			}
		},
		{
			"from": [-1, 15, -3],
			"to": [17, 18, 0],
			"rotation": {"angle": 0, "axis": "y", "origin": [19, 15, 0]},
			"faces": {
				"north": {"uv": [6.375, 2.375, 8.625, 2.75], "texture": "#texture"},
				"east": {"uv": [5.125, 7.875, 5.5, 8.25], "texture": "#texture"},
				"south": {"uv": [6.375, 2, 8.625, 2.375], "texture": "#texture"},
				"west": {"uv": [5.125, 7.5, 5.5, 7.875], "texture": "#texture"},
				"up": {"uv": [6.375, 2.75, 8.625, 3.125], "texture": "#texture"},
				"down": {"uv": [6.375, 3.5, 8.625, 3.125], "texture": "#texture"}
			}
		},
		{
			"from": [-1, -2, -3],
			"to": [17, 1, 0],
			"rotation": {"angle": 0, "axis": "y", "origin": [19, -15, 0]},
			"faces": {
				"north": {"uv": [6.5, 5.625, 8.75, 6], "texture": "#texture"},
				"east": {"uv": [8.625, 2.625, 9, 3], "texture": "#texture"},
				"south": {"uv": [6.5, 5.25, 8.75, 5.625], "texture": "#texture"},
				"west": {"uv": [8.625, 2.25, 9, 2.625], "texture": "#texture"},
				"up": {"uv": [6.5, 6, 8.75, 6.375], "texture": "#texture"},
				"down": {"uv": [6.5, 6.75, 8.75, 6.375], "texture": "#texture"}
			}
		},
		{
			"from": [-4, -5, -2],
			"to": [-1, 21, 0],
			"rotation": {"angle": 0, "axis": "y", "origin": [-1, 0, 0]},
			"faces": {
				"north": {"uv": [5.75, 5.25, 6.125, 8.5], "texture": "#texture"},
				"east": {"uv": [0.25, 7.5, 0.5, 10.75], "texture": "#texture"},
				"south": {"uv": [3.5, 5.75, 3.875, 9], "texture": "#texture"},
				"west": {"uv": [0, 7.5, 0.25, 10.75], "texture": "#texture"},
				"up": {"uv": [6, 3.25, 6.375, 3.5], "texture": "#texture"},
				"down": {"uv": [6.25, 8.875, 6.625, 8.625], "texture": "#texture"}
			}
		},
		{
			"from": [17, -5, -2],
			"to": [20, 21, 0],
			"rotation": {"angle": 0, "axis": "y", "origin": [20, 0, 0]},
			"faces": {
				"north": {"uv": [6.125, 5.25, 6.5, 8.5], "texture": "#texture"},
				"east": {"uv": [0.75, 7.5, 1, 10.75], "texture": "#texture"},
				"south": {"uv": [6, 0, 6.375, 3.25], "texture": "#texture"},
				"west": {"uv": [0.5, 7.5, 0.75, 10.75], "texture": "#texture"},
				"up": {"uv": [6.625, 8.625, 7, 8.875], "texture": "#texture"},
				"down": {"uv": [7, 8.875, 7.375, 8.625], "texture": "#texture"}
			}
		},
		{
			"from": [-1, -5, -2],
			"to": [17, -2, 0],
			"rotation": {"angle": 0, "axis": "y", "origin": [18, 1, 0]},
			"faces": {
				"north": {"uv": [6.5, 7.125, 8.75, 7.5], "texture": "#texture"},
				"south": {"uv": [6.5, 6.75, 8.75, 7.125], "texture": "#texture"},
				"down": {"uv": [7.25, 1.75, 9.5, 1.5], "texture": "#texture"}
			}
		},
		{
			"from": [-1, 18, -2],
			"to": [17, 21, 0],
			"rotation": {"angle": 0, "axis": "y", "origin": [18, 24, 0]},
			"faces": {
				"north": {"uv": [7.25, 0.375, 9.5, 0.75], "texture": "#texture"},
				"south": {"uv": [7.25, 0, 9.5, 0.375], "texture": "#texture"},
				"up": {"uv": [7.25, 1.75, 9.5, 2], "texture": "#texture"}
			}
		},
		{
			"from": [-4, 22, -2],
			"to": [20, 29, 0],
			"rotation": {"angle": 0, "axis": "y", "origin": [18, 28, 0]},
			"faces": {
				"north": {"uv": [5.75, 4.375, 8.75, 5.25], "texture": "#texture"},
				"east": {"uv": [4.875, 7.5, 5.125, 8.375], "texture": "#texture"},
				"south": {"uv": [5.75, 3.5, 8.75, 4.375], "texture": "#texture"},
				"west": {"uv": [4.625, 7.5, 4.875, 8.375], "texture": "#texture"},
				"up": {"uv": [7.25, 0.75, 10.25, 1], "texture": "#texture"},
				"down": {"uv": [7.25, 1.25, 10.25, 1], "texture": "#texture"}
			}
		},
		{
			"from": [0, 0, 0],
			"to": [16, 1, 16],
			"rotation": {"angle": 0, "axis": "y", "origin": [19, -13, 3]},
			"faces": {
				"east": {"uv": [6.625, 8.5, 8.625, 8.625], "texture": "#texture", "cullface": "east"},
				"south": {"uv": [6.5, 8.25, 8.5, 8.375], "texture": "#texture", "cullface": "south"},
				"west": {"uv": [6.5, 8.375, 8.5, 8.5], "texture": "#texture", "cullface": "west"},
				"down": {"uv": [2, 4, 4, 2], "texture": "#texture", "cullface": "down"}
			}
		},
		{
			"from": [0, 15, 0],
			"to": [16, 16, 16],
			"rotation": {"angle": 0, "axis": "y", "origin": [19, 2, 3]},
			"faces": {
				"east": {"uv": [6.5, 8.125, 8.5, 8.25], "texture": "#texture", "cullface": "east"},
				"south": {"uv": [6.5, 7.75, 8.5, 7.875], "texture": "#texture", "cullface": "south"},
				"west": {"uv": [6.5, 7.875, 8.5, 8], "texture": "#texture", "cullface": "west"},
				"up": {"uv": [0, 0, 2, 2], "texture": "#texture", "cullface": "up"},
				"down": {"uv": [0, 4, 2, 2], "texture": "#texture"}
			}
		},
		{
			"from": [0, 1, 0],
			"to": [1, 15, 16],
			"rotation": {"angle": 0, "axis": "y", "origin": [19, 2, 3]},
			"faces": {
				"east": {"uv": [4, 0, 6, 1.75], "texture": "#texture"},
				"south": {"uv": [3.875, 7.75, 4, 9.5], "texture": "#texture", "cullface": "south"},
				"west": {"uv": [0, 4, 2, 5.75], "texture": "#texture", "cullface": "west"}
			}
		},
		{
			"from": [15, 1, 0],
			"to": [16, 15, 16],
			"rotation": {"angle": 0, "axis": "y", "origin": [34, 2, 3]},
			"faces": {
				"east": {"uv": [2, 4, 4, 5.75], "texture": "#texture", "cullface": "east"},
				"south": {"uv": [4.75, 8.625, 4.875, 10.375], "texture": "#texture", "cullface": "south"},
				"west": {"uv": [4, 1.75, 6, 3.5], "texture": "#texture"}
			}
		},
		{
			"from": [1, 1, 15],
			"to": [15, 15, 16],
			"rotation": {"angle": 0, "axis": "y", "origin": [34, 2, 3]},
			"faces": {
				"north": {"uv": [1.75, 5.75, 3.5, 7.5], "texture": "#texture"},
				"east": {"uv": [5.125, 8.625, 5.25, 10.375], "texture": "#texture"},
				"south": {"uv": [0, 5.75, 1.75, 7.5], "texture": "#texture", "cullface": "south"},
				"west": {"uv": [5, 8.625, 5.125, 10.375], "texture": "#texture"},
				"down": {"uv": [8.625, 2.25, 10.375, 2.125], "texture": "#texture"}
			}
		},
		{
			"from": [1, 0.2, 2.6],
			"to": [15, 16.2, 3.6],
			"rotation": {"angle": 22.5, "axis": "x", "origin": [8, 7.2, 3.1]},
			"faces": {
				"north": {"uv": [4, 5.5, 5.75, 7.5], "texture": "#texture"}
			}
		},
		{
			"from": [6, 5.2, 1.6],
			"to": [13, 13.2, 2.6],
			"rotation": {"angle": 22.5, "axis": "x", "origin": [8, 7.2, 3.1]},
			"faces": {
				"north": {"uv": [6.375, 1, 7.25, 2], "texture": "#texture"},
				"east": {"uv": [5.625, 7.5, 5.75, 8.5], "texture": "#texture"},
				"west": {"uv": [5.5, 7.5, 5.625, 8.5], "texture": "#texture"},
				"up": {"uv": [4.625, 8.375, 5.5, 8.5], "texture": "#texture"},
				"down": {"uv": [8.625, 3.125, 9.5, 3], "texture": "#texture"}
			}
		},
		{
			"from": [6, 2.2, 0.9],
			"to": [13, 4.2, 1.9],
			"rotation": {"angle": 22.5, "axis": "x", "origin": [8, 4.2, 2.4]},
			"faces": {
				"north": {"uv": [8.5, 8.25, 9.375, 8.5], "texture": "#texture"},
				"east": {"uv": [8.5, 8.625, 8.625, 8.875], "texture": "#texture"},
				"west": {"uv": [8.375, 8.625, 8.5, 8.875], "texture": "#texture"},
				"up": {"uv": [8.625, 3.125, 9.5, 3.25], "texture": "#texture"},
				"down": {"uv": [8.625, 3.375, 9.5, 3.25], "texture": "#texture"}
			}
		}
	]
}