{
	"credit": "Made by Obscuria",
	"parent": "block/block",
	"texture_size": [64, 64],
	"textures": {
		"particle": "trident_cliffs:block/street/camera",
		"texture": "trident_cliffs:block/street/camera"
	},
	"elements": [
		{
			"from": [6, 5, 15],
			"to": [10, 10, 16],
			"rotation": {"angle": 0, "axis": "y", "origin": [6.5, 7, 14]},
			"faces": {
				"north": {"uv": [9, 6.5, 8, 7.75], "texture": "#texture"},
				"east": {"uv": [9.25, 9, 9, 10.25], "texture": "#texture"},
				"west": {"uv": [9, 9, 8.75, 10.25], "texture": "#texture"},
				"up": {"uv": [9.5, 9, 9.25, 10], "rotation": 90, "texture": "#texture"},
				"down": {"uv": [4.25, 10.5, 4, 9.5], "rotation": 270, "texture": "#texture"}
			}
		},
		{
			"from": [7, 7, 10],
			"to": [9, 8, 15],
			"rotation": {"angle": 0, "axis": "y", "origin": [6.5, 7, 13]},
			"faces": {
				"north": {"uv": [10, 6.5, 9.5, 6.75], "texture": "#texture"},
				"east": {"uv": [10.25, 7.5, 9, 7.75], "texture": "#texture"},
				"west": {"uv": [10.25, 7.25, 9, 7.5], "texture": "#texture"},
				"up": {"uv": [9.5, 8.5, 8.25, 9], "rotation": 90, "texture": "#texture"},
				"down": {"uv": [5.25, 9.5, 4, 9], "rotation": 270, "texture": "#texture"}
			}
		},
		{
			"from": [7.5, 8, 10.5],
			"to": [8.5, 9, 11.5],
			"rotation": {"angle": 0, "axis": "y", "origin": [7, 8, 15.5]},
			"faces": {
				"north": {"uv": [9.75, 7, 9.5, 7.25], "texture": "#texture"},
				"east": {"uv": [9.75, 6.75, 9.5, 7], "texture": "#texture"},
				"south": {"uv": [5.25, 9.5, 5, 9.75], "texture": "#texture"},
				"west": {"uv": [8.25, 7.75, 8, 8], "texture": "#texture"}
			}
		},
		{
			"from": [6, 9, 5],
			"to": [10, 12, 14],
			"rotation": {"angle": -45, "axis": "y", "origin": [8, 9, 11]},
			"faces": {
				"north": {"uv": [9.25, 7.75, 8.25, 8.5], "texture": "#texture"},
				"east": {"uv": [10.25, 5.75, 8, 6.5], "texture": "#texture"},
				"south": {"uv": [8.25, 8, 7.25, 8.75], "texture": "#texture"},
				"west": {"uv": [10.25, 5, 8, 5.75], "texture": "#texture"},
				"up": {"uv": [6.25, 8, 4, 9], "rotation": 90, "texture": "#texture"},
				"down": {"uv": [10.25, 5, 8, 4], "rotation": 270, "texture": "#texture"}
			}
		},
		{
			"from": [6, 12, 3],
			"to": [10, 12, 5],
			"rotation": {"angle": -45, "axis": "y", "origin": [8, 9, 11]},
			"faces": {
				"up": {"uv": [7.75, 8.75, 7.25, 9.75], "rotation": 90, "texture": "#texture"},
				"down": {"uv": [8.25, 9.75, 7.75, 8.75], "rotation": 270, "texture": "#texture"}
			}
		},
		{
			"from": [6, 9, 3],
			"to": [6, 12, 5],
			"rotation": {"angle": -45, "axis": "y", "origin": [8, 9, 11]},
			"faces": {
				"east": {"uv": [6.25, 9, 5.75, 9.75], "texture": "#texture"},
				"west": {"uv": [5.75, 9, 5.25, 9.75], "texture": "#texture"}
			}
		},
		{
			"from": [10, 9, 3],
			"to": [10, 12, 5],
			"rotation": {"angle": -45, "axis": "y", "origin": [8, 9, 11]},
			"faces": {
				"east": {"uv": [8.75, 9, 8.25, 9.75], "texture": "#texture"},
				"west": {"uv": [9.5, 6.5, 9, 7.25], "texture": "#texture"}
			}
		},
		{
			"from": [7, 9.5, 4.5],
			"to": [9, 11.5, 5.5],
			"rotation": {"angle": -45, "axis": "y", "origin": [8, 9, 11]},
			"faces": {
				"north": {"uv": [7.25, 9.25, 6.75, 9.75], "texture": "#texture"},
				"east": {"uv": [4.5, 9.5, 4.25, 10], "texture": "#texture"},
				"south": {"uv": [6.75, 9.25, 6.25, 9.75], "texture": "#texture"},
				"west": {"uv": [9.5, 7.75, 9.25, 8.25], "texture": "#texture"},
				"up": {"uv": [4.75, 9.5, 4.5, 10], "rotation": 90, "texture": "#texture"},
				"down": {"uv": [5, 10, 4.75, 9.5], "rotation": 270, "texture": "#texture"}
			}
		}
	],
	"groups": [
		0,
		1,
		2,
		{
			"name": "group",
			"origin": [11, 9, 8],
			"color": 0,
			"children": [3, 4, 5, 6, 7]
		}
	]
}