{
	"credit": "Made by Obscuria",
	"parent": "block/block",
	"textures": {
		"texture": "trident_cliffs:block/street/fire_hydrant",
		"particle": "#texture"
	},
	"elements": [
		{
			"from": [2.5, 0, 2.5],
			"to": [13.5, 2, 13.5],
			"rotation": {"angle": 0, "axis": "y", "origin": [2.5, 0, 2.5]},
			"faces": {
				"north": {"uv": [0, 10, 5.5, 11], "texture": "#texture"},
				"east": {"uv": [0, 10, 5.5, 11], "texture": "#texture"},
				"south": {"uv": [0, 10, 5.5, 11], "texture": "#texture"},
				"west": {"uv": [0, 10, 5.5, 11], "texture": "#texture"},
				"up": {"uv": [0, 5.5, 5.5, 11], "texture": "#texture"},
				"down": {"uv": [0, 5.5, 5.5, 11], "texture": "#texture", "cullface": "down"}
			}
		},
		{
			"from": [4.5, 2, 4.5],
			"to": [11.5, 13, 11.5],
			"rotation": {"angle": 0, "axis": "y", "origin": [2.5, 2, 2.5]},
			"faces": {
				"north": {"uv": [0, 0, 3.5, 5.5], "texture": "#texture"},
				"east": {"uv": [0, 0, 3.5, 5.5], "texture": "#texture"},
				"south": {"uv": [0, 0, 3.5, 5.5], "texture": "#texture"},
				"west": {"uv": [0, 0, 3.5, 5.5], "texture": "#texture"}
			}
		},
		{
			"from": [3.5, 13, 3.5],
			"to": [12.5, 15, 12.5],
			"rotation": {"angle": 0, "axis": "y", "origin": [2.5, 13, 2.5]},
			"faces": {
				"north": {"uv": [11.5, 4.5, 16, 5.5], "texture": "#texture"},
				"east": {"uv": [11.5, 4.5, 16, 5.5], "texture": "#texture"},
				"south": {"uv": [11.5, 4.5, 16, 5.5], "texture": "#texture"},
				"west": {"uv": [11.5, 4.5, 16, 5.5], "texture": "#texture"},
				"up": {"uv": [11.5, 0, 16, 4.5], "texture": "#texture"},
				"down": {"uv": [11.5, 0, 16, 4.5], "texture": "#texture"}
			}
		},
		{
			"from": [4.5, 15, 4.5],
			"to": [11.5, 18, 11.5],
			"rotation": {"angle": 0, "axis": "y", "origin": [2.5, 15, 2.5]},
			"faces": {
				"north": {"uv": [12.5, 9, 16, 10.5], "texture": "#texture"},
				"east": {"uv": [12.5, 9, 16, 10.5], "texture": "#texture"},
				"south": {"uv": [12.5, 9, 16, 10.5], "texture": "#texture"},
				"west": {"uv": [12.5, 9, 16, 10.5], "texture": "#texture"},
				"up": {"uv": [12.5, 5.5, 16, 9], "texture": "#texture"}
			}
		},
		{
			"from": [5.5, 18, 5.5],
			"to": [10.5, 20, 10.5],
			"rotation": {"angle": 0, "axis": "y", "origin": [2.5, 18, 2.5]},
			"faces": {
				"north": {"uv": [13.5, 13, 16, 14], "texture": "#texture"},
				"east": {"uv": [13.5, 13, 16, 14], "texture": "#texture"},
				"south": {"uv": [13.5, 13, 16, 14], "texture": "#texture"},
				"west": {"uv": [13.5, 13, 16, 14], "texture": "#texture"},
				"up": {"uv": [13.5, 10.5, 16, 13], "texture": "#texture"}
			}
		},
		{
			"from": [11.5, 5, 5.5],
			"to": [14.5, 10, 10.5],
			"rotation": {"angle": 0, "axis": "y", "origin": [9.5, -1, 3.5]},
			"faces": {
				"north": {"uv": [3.5, 0, 6, 1.5], "rotation": 90, "texture": "#texture"},
				"east": {"uv": [3.5, 1.5, 6, 4], "texture": "#texture"},
				"south": {"uv": [3.5, 0, 6, 1.5], "rotation": 90, "texture": "#texture"},
				"up": {"uv": [3.5, 0, 6, 1.5], "rotation": 90, "texture": "#texture"},
				"down": {"uv": [3.5, 0, 6, 1.5], "rotation": 90, "texture": "#texture"}
			}
		},
		{
			"from": [1.5, 5, 5.5],
			"to": [4.5, 10, 10.5],
			"rotation": {"angle": 0, "axis": "y", "origin": [-0.5, -1, 3.5]},
			"faces": {
				"north": {"uv": [3.5, 0, 6, 1.5], "rotation": 90, "texture": "#texture"},
				"south": {"uv": [6, 0, 3.5, 1.5], "rotation": 90, "texture": "#texture"},
				"west": {"uv": [3.5, 1.5, 6, 4], "texture": "#texture"},
				"up": {"uv": [3.5, 0, 6, 1.5], "rotation": 90, "texture": "#texture"},
				"down": {"uv": [3.5, 0, 6, 1.5], "rotation": 90, "texture": "#texture"}
			}
		},
		{
			"from": [5.5, 5, 11.5],
			"to": [10.5, 10, 14.5],
			"rotation": {"angle": 0, "axis": "y", "origin": [12.5, -1, 9.5]},
			"faces": {
				"east": {"uv": [3.5, 0, 6, 1.5], "rotation": 90, "texture": "#texture"},
				"south": {"uv": [3.5, 1.5, 6, 4], "texture": "#texture"},
				"west": {"uv": [3.5, 0, 6, 1.5], "rotation": 90, "texture": "#texture"},
				"up": {"uv": [3.5, 0, 6, 1.5], "texture": "#texture"},
				"down": {"uv": [3.5, 0, 6, 1.5], "texture": "#texture"}
			}
		},
		{
			"from": [5.5, 5, 1.5],
			"to": [10.5, 10, 4.5],
			"rotation": {"angle": 0, "axis": "y", "origin": [12.5, -1, -0.5]},
			"faces": {
				"north": {"uv": [3.5, 1.5, 6, 4], "texture": "#texture"},
				"east": {"uv": [3.5, 0, 6, 1.5], "rotation": 90, "texture": "#texture"},
				"west": {"uv": [3.5, 0, 6, 1.5], "rotation": 90, "texture": "#texture"},
				"up": {"uv": [3.5, 0, 6, 1.5], "texture": "#texture"},
				"down": {"uv": [3.5, 0, 6, 1.5], "texture": "#texture"}
			}
		},
		{
			"from": [7, 6.5, 14.5],
			"to": [9, 8.5, 15.5],
			"rotation": {"angle": 45, "axis": "z", "origin": [8, 7.5, 15]},
			"faces": {
				"east": {"uv": [4, 3, 4.5, 4], "texture": "#texture"},
				"south": {"uv": [3.5, 3, 4.5, 4], "texture": "#texture"},
				"west": {"uv": [3.5, 3, 4, 4], "texture": "#texture"},
				"up": {"uv": [4, 3, 4.5, 4], "rotation": 90, "texture": "#texture"},
				"down": {"uv": [3.5, 3, 4, 4], "rotation": 270, "texture": "#texture"}
			}
		},
		{
			"from": [7, 6.5, 0.5],
			"to": [9, 8.5, 1.5],
			"rotation": {"angle": 45, "axis": "z", "origin": [8, 7.5, 1]},
			"faces": {
				"north": {"uv": [5, 3, 6, 4], "texture": "#texture"},
				"east": {"uv": [5, 3, 5.5, 4], "texture": "#texture"},
				"west": {"uv": [5.5, 3, 6, 4], "texture": "#texture"},
				"up": {"uv": [5, 3, 5.5, 4], "rotation": 90, "texture": "#texture"},
				"down": {"uv": [5.5, 3, 6, 4], "rotation": 270, "texture": "#texture"}
			}
		},
		{
			"from": [14.5, 6, 6.5],
			"to": [15.5, 9, 9.5],
			"rotation": {"angle": 0, "axis": "y", "origin": [12.5, -1, 3.5]},
			"faces": {
				"north": {"uv": [4.5, 4, 5, 5.5], "texture": "#texture"},
				"east": {"uv": [3.5, 4, 5, 5.5], "texture": "#texture"},
				"south": {"uv": [3.5, 4, 4, 5.5], "texture": "#texture"},
				"up": {"uv": [3.5, 4, 4, 5.5], "texture": "#texture"},
				"down": {"uv": [4.5, 4, 5, 5.5], "texture": "#texture"}
			}
		},
		{
			"from": [0.5, 6, 6.5],
			"to": [1.5, 9, 9.5],
			"rotation": {"angle": 0, "axis": "y", "origin": [-1.5, -1, 3.5]},
			"faces": {
				"north": {"uv": [3.5, 4, 4, 5.5], "texture": "#texture"},
				"south": {"uv": [4.5, 4, 5, 5.5], "texture": "#texture"},
				"west": {"uv": [3.5, 4, 5, 5.5], "texture": "#texture"},
				"up": {"uv": [4.5, 4, 5, 5.5], "texture": "#texture"},
				"down": {"uv": [3.5, 4, 4, 5.5], "texture": "#texture"}
			}
		},
		{
			"from": [9.5, 1.5, 3],
			"to": [10.5, 2.5, 4],
			"rotation": {"angle": 0, "axis": "y", "origin": [-0.5, 1.5, 3]},
			"faces": {
				"north": {"uv": [4.5, 4, 5, 4.5], "texture": "#texture"},
				"east": {"uv": [4.5, 4, 5, 4.5], "texture": "#texture"},
				"south": {"uv": [4.5, 4, 5, 4.5], "texture": "#texture"},
				"west": {"uv": [4.5, 4, 5, 4.5], "texture": "#texture"},
				"up": {"uv": [4.5, 4, 5, 4.5], "texture": "#texture"}
			}
		},
		{
			"from": [5.5, 1.5, 3],
			"to": [6.5, 2.5, 4],
			"rotation": {"angle": 0, "axis": "y", "origin": [-4.5, 1.5, 3]},
			"faces": {
				"north": {"uv": [4.5, 4, 5, 4.5], "texture": "#texture"},
				"east": {"uv": [4.5, 4, 5, 4.5], "texture": "#texture"},
				"south": {"uv": [4.5, 4, 5, 4.5], "texture": "#texture"},
				"west": {"uv": [4.5, 4, 5, 4.5], "texture": "#texture"},
				"up": {"uv": [4.5, 4, 5, 4.5], "texture": "#texture"}
			}
		},
		{
			"from": [5.5, 1.5, 12],
			"to": [6.5, 2.5, 13],
			"rotation": {"angle": 0, "axis": "y", "origin": [-4.5, 1.5, 12]},
			"faces": {
				"north": {"uv": [4.5, 4, 5, 4.5], "texture": "#texture"},
				"east": {"uv": [4.5, 4, 5, 4.5], "texture": "#texture"},
				"south": {"uv": [4.5, 4, 5, 4.5], "texture": "#texture"},
				"west": {"uv": [4.5, 4, 5, 4.5], "texture": "#texture"},
				"up": {"uv": [4.5, 4, 5, 4.5], "texture": "#texture"}
			}
		},
		{
			"from": [9.5, 1.5, 12],
			"to": [10.5, 2.5, 13],
			"rotation": {"angle": 0, "axis": "y", "origin": [-0.5, 1.5, 12]},
			"faces": {
				"north": {"uv": [4.5, 4, 5, 4.5], "texture": "#texture"},
				"east": {"uv": [4.5, 4, 5, 4.5], "texture": "#texture"},
				"south": {"uv": [4.5, 4, 5, 4.5], "texture": "#texture"},
				"west": {"uv": [4.5, 4, 5, 4.5], "texture": "#texture"},
				"up": {"uv": [4.5, 4, 5, 4.5], "texture": "#texture"}
			}
		},
		{
			"from": [12, 1.5, 9.5],
			"to": [13, 2.5, 10.5],
			"rotation": {"angle": 0, "axis": "y", "origin": [2, 1.5, 9.5]},
			"faces": {
				"north": {"uv": [4.5, 4, 5, 4.5], "texture": "#texture"},
				"east": {"uv": [4.5, 4, 5, 4.5], "texture": "#texture"},
				"south": {"uv": [4.5, 4, 5, 4.5], "texture": "#texture"},
				"west": {"uv": [4.5, 4, 5, 4.5], "texture": "#texture"},
				"up": {"uv": [4.5, 4, 5, 4.5], "texture": "#texture"}
			}
		},
		{
			"from": [12, 1.5, 5.5],
			"to": [13, 2.5, 6.5],
			"rotation": {"angle": 0, "axis": "y", "origin": [2, 1.5, 5.5]},
			"faces": {
				"north": {"uv": [4.5, 4, 5, 4.5], "texture": "#texture"},
				"east": {"uv": [4.5, 4, 5, 4.5], "texture": "#texture"},
				"south": {"uv": [4.5, 4, 5, 4.5], "texture": "#texture"},
				"west": {"uv": [4.5, 4, 5, 4.5], "texture": "#texture"},
				"up": {"uv": [4.5, 4, 5, 4.5], "texture": "#texture"}
			}
		},
		{
			"from": [3, 1.5, 5.5],
			"to": [4, 2.5, 6.5],
			"rotation": {"angle": 0, "axis": "y", "origin": [-7, 1.5, 5.5]},
			"faces": {
				"north": {"uv": [4.5, 4, 5, 4.5], "texture": "#texture"},
				"east": {"uv": [4.5, 4, 5, 4.5], "texture": "#texture"},
				"south": {"uv": [4.5, 4, 5, 4.5], "texture": "#texture"},
				"west": {"uv": [4.5, 4, 5, 4.5], "texture": "#texture"},
				"up": {"uv": [4.5, 4, 5, 4.5], "texture": "#texture"}
			}
		},
		{
			"from": [3, 1.5, 9.5],
			"to": [4, 2.5, 10.5],
			"rotation": {"angle": 0, "axis": "y", "origin": [-7, 1.5, 9.5]},
			"faces": {
				"north": {"uv": [4.5, 4, 5, 4.5], "texture": "#texture"},
				"east": {"uv": [4.5, 4, 5, 4.5], "texture": "#texture"},
				"south": {"uv": [4.5, 4, 5, 4.5], "texture": "#texture"},
				"west": {"uv": [4.5, 4, 5, 4.5], "texture": "#texture"},
				"up": {"uv": [4.5, 4, 5, 4.5], "texture": "#texture"}
			}
		}
	]
}