{
	"credit": "Made by Obscuria",
	"parent": "block/block",
	"textures": {
		"particle": "trident_cliffs:block/street/garbage_container",
		"texture": "trident_cliffs:block/street/garbage_container"
	},
	"elements": [
		{
			"from": [-11, -12.5, -7],
			"to": [27, 7.5, 13],
			"rotation": {"angle": 0, "axis": "y", "origin": [0, -12.5, -7]},
			"faces": {
				"north": {"uv": [3, 4.875, 7.75, 7.375], "texture": "#texture"},
				"south": {"uv": [11.25, 4.875, 16, 7.375], "texture": "#texture"},
				"down": {"uv": [4.25, 8.75, 4.875, 9], "texture": "#texture"}
			}
		},
		{
			"from": [27, -13.5, -8],
			"to": [29, 7.5, 14],
			"rotation": {"angle": 0, "axis": "y", "origin": [1, -12.5, -7]},
			"faces": {
				"north": {"uv": [8.125, 4.875, 7.875, 7.5], "texture": "#texture"},
				"east": {"uv": [10.875, 4.875, 8.125, 7.5], "texture": "#texture"},
				"south": {"uv": [11.125, 4.875, 10.875, 7.5], "texture": "#texture"},
				"west": {"uv": [10.875, 4.875, 8.125, 7.5], "texture": "#texture"},
				"down": {"uv": [10.875, 7.5, 8.125, 7.375], "rotation": 90, "texture": "#texture"}
			}
		},
		{
			"from": [-13, -13.5, -8],
			"to": [-11, 7.5, 14],
			"rotation": {"angle": 0, "axis": "y", "origin": [-39, -12.5, -7]},
			"faces": {
				"north": {"uv": [7.875, 4.875, 8.125, 7.5], "texture": "#texture"},
				"east": {"uv": [10.875, 4.875, 8.125, 7.5], "texture": "#texture"},
				"south": {"uv": [10.875, 4.875, 11.125, 7.5], "texture": "#texture"},
				"west": {"uv": [8.125, 4.875, 10.875, 7.5], "texture": "#texture"},
				"down": {"uv": [10.875, 7.5, 8.125, 7.375], "rotation": 90, "texture": "#texture"}
			}
		},
		{
			"from": [-15, -3.5, -8],
			"to": [-13, 1.5, 14],
			"rotation": {"angle": 0, "axis": "y", "origin": [-41, -18.5, -7]},
			"faces": {
				"north": {"uv": [8, 8, 8.25, 8.5], "texture": "#texture"},
				"south": {"uv": [10.75, 8, 11, 8.5], "texture": "#texture"},
				"west": {"uv": [10.875, 8, 8.125, 8.5], "texture": "#texture"},
				"down": {"uv": [8.125, 8.625, 10.875, 8.375], "rotation": 90, "texture": "#texture"}
			}
		},
		{
			"from": [29, -3.5, -8],
			"to": [31, 1.5, 14],
			"rotation": {"angle": 0, "axis": "y", "origin": [3, -18.5, -7]},
			"faces": {
				"north": {"uv": [10.75, 8, 11, 8.5], "texture": "#texture"},
				"east": {"uv": [10.875, 8, 8.125, 8.5], "texture": "#texture"},
				"south": {"uv": [8, 8, 8.25, 8.5], "texture": "#texture"},
				"down": {"uv": [8.125, 8.375, 10.875, 8.625], "rotation": 90, "texture": "#texture"}
			}
		},
		{
			"from": [29.31, 0.81, -7.99],
			"to": [31.29, 3.79, 13.99],
			"rotation": {"angle": 45, "axis": "z", "origin": [30.3, 0.8, 3]},
			"faces": {
				"north": {"uv": [10.75, 7.625, 11.125, 8], "texture": "#texture"},
				"east": {"uv": [10.875, 7.625, 8.125, 8], "texture": "#texture"},
				"south": {"uv": [7.875, 7.625, 8.25, 8], "texture": "#texture"}
			}
		},
		{
			"from": [-15.29, 0.81, -7.99],
			"to": [-13.31, 3.79, 13.99],
			"rotation": {"angle": -45, "axis": "z", "origin": [-14.3, 0.8, 3]},
			"faces": {
				"north": {"uv": [7.875, 7.625, 8.25, 8], "texture": "#texture"},
				"south": {"uv": [10.75, 7.625, 11.125, 8], "texture": "#texture"},
				"west": {"uv": [10.875, 7.625, 8.125, 8], "texture": "#texture"}
			}
		},
		{
			"from": [-14, 6.5, -10],
			"to": [30, 10.5, -5],
			"rotation": {"angle": -22.5, "axis": "x", "origin": [8, 8.5, -7.5]},
			"faces": {
				"north": {"uv": [0.5, 4.125, 6, 4.625], "texture": "#texture"},
				"east": {"uv": [0, 4.125, 0.5, 3.5], "rotation": 90, "texture": "#texture"},
				"south": {"uv": [4.25, 8.75, 4.875, 9], "texture": "#texture"},
				"west": {"uv": [6, 3.5, 6.5, 4.125], "rotation": 90, "texture": "#texture"},
				"up": {"uv": [6, 4.125, 0.5, 3.5], "texture": "#texture"},
				"down": {"uv": [4.25, 8.75, 4.875, 9], "texture": "#texture"}
			}
		},
		{
			"from": [28, 6.5, -5],
			"to": [30, 10.5, 13],
			"rotation": {"angle": -22.5, "axis": "x", "origin": [8, 8.5, -7.5]},
			"faces": {
				"east": {"uv": [0, 1, 0.5, 3.5], "rotation": 90, "texture": "#texture"},
				"up": {"uv": [0.75, 1, 0.5, 3.5], "texture": "#texture"},
				"down": {"uv": [4.25, 8.75, 4.875, 9], "texture": "#texture"}
			}
		},
		{
			"from": [-14, 6.5, -5],
			"to": [-12, 10.5, 13],
			"rotation": {"angle": -22.5, "axis": "x", "origin": [-34, 8.5, -7.5]},
			"faces": {
				"east": {"uv": [4.25, 8.75, 4.875, 9], "texture": "#texture"},
				"west": {"uv": [6, 1, 6.5, 3.5], "rotation": 90, "texture": "#texture"},
				"up": {"uv": [6, 3.5, 5.75, 1], "texture": "#texture"},
				"down": {"uv": [4.25, 8.75, 4.875, 9], "texture": "#texture"}
			}
		},
		{
			"from": [7, 6.5, -5],
			"to": [9, 10.5, 13],
			"rotation": {"angle": -22.5, "axis": "x", "origin": [-13, 8.5, -7.5]},
			"faces": {
				"west": {"uv": [4.25, 8.75, 4.875, 9], "texture": "#texture"},
				"up": {"uv": [3.375, 3.5, 3.125, 1], "texture": "#texture"}
			}
		},
		{
			"from": [-11, 7.5, 11],
			"to": [27, 18.5, 13],
			"rotation": {"angle": 0, "axis": "y", "origin": [0, -0.5, -7]},
			"faces": {
				"north": {"uv": [0.875, 7.625, 5.625, 9], "texture": "#texture"},
				"east": {"uv": [4.25, 8.75, 4.875, 9], "texture": "#texture"},
				"south": {"uv": [11.25, 3.375, 16, 4.75], "texture": "#texture"},
				"west": {"uv": [4.25, 8.75, 4.875, 9], "texture": "#texture"},
				"up": {"uv": [5.625, 7.625, 0.875, 7.75], "texture": "#texture"}
			}
		},
		{
			"from": [-14, 6.5, 13],
			"to": [30, 10.5, 17],
			"rotation": {"angle": -22.5, "axis": "x", "origin": [8, 8.5, -7.5]},
			"faces": {
				"north": {"uv": [0.5, 7.625, 6, 7.75], "texture": "#texture"},
				"east": {"uv": [0, 1, 0.5, 0.5], "rotation": 90, "texture": "#texture"},
				"south": {"uv": [0.5, 0.5, 6, 0], "texture": "#texture"},
				"west": {"uv": [6, 0.5, 6.5, 1], "rotation": 90, "texture": "#texture"},
				"up": {"uv": [6, 1, 0.5, 0.5], "texture": "#texture"},
				"down": {"uv": [4.25, 8.75, 4.875, 9], "texture": "#texture"}
			}
		},
		{
			"from": [27, 7.5, 5],
			"to": [29, 15.5, 14],
			"rotation": {"angle": 0, "axis": "y", "origin": [2, -0.5, -7]},
			"faces": {
				"east": {"uv": [11, 3.75, 9.875, 4.75], "texture": "#texture"},
				"south": {"uv": [11.125, 3.75, 10.875, 4.75], "texture": "#texture"},
				"west": {"uv": [11.25, 4.75, 11.125, 3.75], "texture": "#texture"}
			}
		},
		{
			"from": [-13, 7.5, 5],
			"to": [-12, 15.5, 14],
			"rotation": {"angle": 0, "axis": "y", "origin": [-38, -0.5, -7]},
			"faces": {
				"east": {"uv": [4.25, 8.75, 4.875, 9], "texture": "#texture"},
				"south": {"uv": [10.875, 3.75, 11, 4.75], "texture": "#texture"},
				"west": {"uv": [9.875, 3.75, 11, 4.75], "texture": "#texture"}
			}
		},
		{
			"from": [7, 7.5, 4],
			"to": [9, 14.5, 11],
			"rotation": {"angle": 0, "axis": "y", "origin": [-18, -0.5, -10]},
			"faces": {
				"west": {"uv": [4.25, 8.75, 4.875, 9], "texture": "#texture"}
			}
		},
		{
			"from": [7, 7.5, -5],
			"to": [9, 11.5, 4],
			"rotation": {"angle": 0, "axis": "y", "origin": [-18, -0.5, -17]},
			"faces": {
				"west": {"uv": [4.25, 8.75, 13.25, 12.75], "texture": "#texture"}
			}
		},
		{
			"from": [28, 7.5, -5],
			"to": [29, 11.5, 5],
			"rotation": {"angle": 0, "axis": "y", "origin": [2, -0.5, -17]},
			"faces": {
				"east": {"uv": [9.875, 4.25, 8.625, 4.75], "texture": "#texture"}
			}
		},
		{
			"from": [-13, 7.5, -5],
			"to": [-12, 11.5, 5],
			"rotation": {"angle": 0, "axis": "y", "origin": [-38, -0.5, -17]},
			"faces": {
				"east": {"uv": [4.25, 8.75, 4.875, 9], "texture": "#texture"},
				"west": {"uv": [8.625, 4.25, 9.875, 4.75], "texture": "#texture"}
			}
		},
		{
			"from": [-12, 7.5, 11],
			"to": [-11, 17.5, 14],
			"rotation": {"angle": 0, "axis": "y", "origin": [-38, -0.5, -7]},
			"faces": {
				"north": {"uv": [5.625, 7.625, 5.75, 8.875], "texture": "#texture"},
				"east": {"uv": [11.25, 4.75, 11.125, 3.75], "texture": "#texture"},
				"south": {"uv": [11, 4.75, 11.125, 3.75], "texture": "#texture"}
			}
		},
		{
			"from": [-12, 10.5, -6],
			"to": [7, 10.5, 11],
			"rotation": {"angle": 0, "axis": "y", "origin": [0, 10.5, -6]},
			"faces": {
				"up": {"uv": [2.75, 7.25, 0.375, 5.125], "texture": "#texture"}
			}
		},
		{
			"from": [-9, -15.5, -4],
			"to": [-6, -12.5, -3],
			"rotation": {"angle": 0, "axis": "y", "origin": [-9, -14.5, -4]},
			"faces": {
				"north": {"uv": [7.125, 0.875, 7.5, 1.25], "texture": "#texture"},
				"east": {"uv": [7.125, 0.875, 7.25, 1.25], "texture": "#texture"},
				"south": {"uv": [7.125, 0.875, 7.5, 1.25], "texture": "#texture"},
				"west": {"uv": [7.375, 0.875, 7.5, 1.25], "texture": "#texture"},
				"down": {"uv": [7.125, 1.125, 7.5, 1.25], "texture": "#texture"}
			}
		},
		{
			"from": [22, -15.5, -4],
			"to": [25, -12.5, -3],
			"rotation": {"angle": 0, "axis": "y", "origin": [22, -14.5, -4]},
			"faces": {
				"north": {"uv": [7.125, 0.875, 7.5, 1.25], "texture": "#texture"},
				"east": {"uv": [7.125, 0.875, 7.25, 1.25], "texture": "#texture"},
				"south": {"uv": [7.125, 0.875, 7.5, 1.25], "texture": "#texture"},
				"west": {"uv": [7.375, 0.875, 7.5, 1.25], "texture": "#texture"},
				"down": {"uv": [7.125, 1.125, 7.5, 1.25], "texture": "#texture"}
			}
		},
		{
			"from": [22, -15.5, 9],
			"to": [25, -12.5, 10],
			"rotation": {"angle": 0, "axis": "y", "origin": [22, -14.5, 9]},
			"faces": {
				"north": {"uv": [7.125, 0.875, 7.5, 1.25], "texture": "#texture"},
				"east": {"uv": [7.125, 0.875, 7.25, 1.25], "texture": "#texture"},
				"south": {"uv": [7.125, 0.875, 7.5, 1.25], "texture": "#texture"},
				"west": {"uv": [7.375, 0.875, 7.5, 1.25], "texture": "#texture"},
				"down": {"uv": [7.125, 1.125, 7.5, 1.25], "texture": "#texture"}
			}
		},
		{
			"from": [-9, -15.5, 9],
			"to": [-6, -12.5, 10],
			"rotation": {"angle": 0, "axis": "y", "origin": [-9, -14.5, 9]},
			"faces": {
				"north": {"uv": [7.125, 0.875, 7.5, 1.25], "texture": "#texture"},
				"east": {"uv": [7.125, 0.875, 7.25, 1.25], "texture": "#texture"},
				"south": {"uv": [7.125, 0.875, 7.5, 1.25], "texture": "#texture"},
				"west": {"uv": [7.375, 0.875, 7.5, 1.25], "texture": "#texture"},
				"down": {"uv": [7.125, 1.125, 7.5, 1.25], "texture": "#texture"}
			}
		},
		{
			"from": [-8.5, -16, 8.5],
			"to": [-6.5, -14, 10.5],
			"rotation": {"angle": 0, "axis": "y", "origin": [-8.5, -15, 8.5]},
			"faces": {
				"north": {"uv": [7.125, 1.375, 7.375, 1.625], "texture": "#texture"},
				"east": {"uv": [7.25, 1.375, 7.125, 1.625], "texture": "#texture"},
				"south": {"uv": [7.375, 1.375, 7.125, 1.625], "texture": "#texture"},
				"west": {"uv": [7.375, 1.375, 7.25, 1.625], "texture": "#texture"},
				"up": {"uv": [7.375, 1.375, 7.125, 1.625], "texture": "#texture"},
				"down": {"uv": [7.375, 1.375, 7.125, 1.625], "texture": "#texture"}
			}
		},
		{
			"from": [22.5, -16, 8.5],
			"to": [24.5, -14, 10.5],
			"rotation": {"angle": 0, "axis": "y", "origin": [22.5, -15, 8.5]},
			"faces": {
				"north": {"uv": [7.125, 1.375, 7.375, 1.625], "texture": "#texture"},
				"east": {"uv": [7.25, 1.375, 7.125, 1.625], "texture": "#texture"},
				"south": {"uv": [7.375, 1.375, 7.125, 1.625], "texture": "#texture"},
				"west": {"uv": [7.375, 1.375, 7.25, 1.625], "texture": "#texture"},
				"up": {"uv": [7.375, 1.375, 7.125, 1.625], "texture": "#texture"},
				"down": {"uv": [7.375, 1.375, 7.125, 1.625], "texture": "#texture"}
			}
		},
		{
			"from": [22.5, -16, -4.5],
			"to": [24.5, -14, -2.5],
			"rotation": {"angle": 0, "axis": "y", "origin": [22.5, -15, -4.5]},
			"faces": {
				"north": {"uv": [7.125, 1.375, 7.375, 1.625], "texture": "#texture"},
				"east": {"uv": [7.25, 1.375, 7.125, 1.625], "texture": "#texture"},
				"south": {"uv": [7.375, 1.375, 7.125, 1.625], "texture": "#texture"},
				"west": {"uv": [7.375, 1.375, 7.25, 1.625], "texture": "#texture"},
				"up": {"uv": [7.375, 1.375, 7.125, 1.625], "texture": "#texture"},
				"down": {"uv": [7.375, 1.375, 7.125, 1.625], "texture": "#texture"}
			}
		},
		{
			"from": [-8.5, -16, -4.5],
			"to": [-6.5, -14, -2.5],
			"rotation": {"angle": 0, "axis": "y", "origin": [-8.5, -15, -4.5]},
			"faces": {
				"north": {"uv": [7.125, 1.375, 7.375, 1.625], "texture": "#texture"},
				"east": {"uv": [7.25, 1.375, 7.125, 1.625], "texture": "#texture"},
				"south": {"uv": [7.375, 1.375, 7.125, 1.625], "texture": "#texture"},
				"west": {"uv": [7.375, 1.375, 7.25, 1.625], "texture": "#texture"},
				"up": {"uv": [7.375, 1.375, 7.125, 1.625], "texture": "#texture"},
				"down": {"uv": [7.375, 1.375, 7.125, 1.625], "texture": "#texture"}
			}
		},
		{
			"from": [9, 9.5, -7],
			"to": [28, 11.5, 12],
			"rotation": {"angle": -22.5, "axis": "x", "origin": [6, 11.5, -10.5]},
			"faces": {
				"north": {"uv": [13.375, 2.625, 15.75, 2.875], "texture": "#texture"},
				"east": {"uv": [13.375, 2.625, 13.125, 0.25], "rotation": 90, "texture": "#texture"},
				"south": {"uv": [15.75, 0.25, 13.375, 0], "texture": "#texture"},
				"west": {"uv": [15.75, 0.25, 16, 2.625], "rotation": 90, "texture": "#texture"},
				"up": {"uv": [13.375, 2.625, 15.75, 0.25], "texture": "#texture"}
			}
		},
		{
			"from": [-12, 18.22352, -8.06985],
			"to": [7, 20.22352, 10.93015],
			"rotation": {"angle": 45, "axis": "x", "origin": [-2.5, 18.55101, 10.89312]},
			"faces": {
				"north": {"uv": [13.375, 2.625, 15.75, 2.875], "texture": "#texture"},
				"east": {"uv": [13.375, 2.625, 13.125, 0.25], "rotation": 90, "texture": "#texture"},
				"south": {"uv": [15.75, 0.25, 13.375, 0], "texture": "#texture"},
				"west": {"uv": [15.75, 0.25, 16, 2.625], "rotation": 90, "texture": "#texture"},
				"up": {"uv": [13.375, 2.625, 15.75, 0.25], "texture": "#texture"},
				"down": {"uv": [10.75, 2.625, 13.125, 0.25], "texture": "#texture"}
			}
		},
		{
			"from": [-13, 2, -9],
			"to": [29, 6, -9],
			"rotation": {"angle": 0, "axis": "y", "origin": [0, 1, -9]},
			"faces": {
				"north": {"uv": [10.75, 2.875, 16, 3.375], "texture": "#texture"}
			}
		}
	]
}