{
	"credit": "Made by Obscuria",
	"parent": "block/block",
	"ambientocclusion": false,
	"textures": {
		"particle": "#texture",
		"texture": "trident_cliffs:block/street/mail_box"
	},
	"elements": [
		{
			"from": [7, 0, 12],
			"to": [9, 29, 14],
			"rotation": {"angle": 0, "axis": "y", "origin": [0, 0, 12]},
			"faces": {
				"north": {"uv": [2, 1.5, 1.5, 16], "texture": "#texture"},
				"east": {"uv": [1, 1.5, 2, 16], "texture": "#texture"},
				"south": {"uv": [1.5, 1.5, 1, 16], "texture": "#texture"},
				"west": {"uv": [2, 1.5, 1, 16], "texture": "#texture"},
				"up": {"uv": [2, 1.5, 1, 2], "rotation": 90, "texture": "#texture"},
				"down": {"uv": [1, 15.5, 2, 16], "rotation": 90, "texture": "#texture", "cullface": "down"}
			}
		},
		{
			"from": [6.5, 26, 11.5],
			"to": [9.5, 28, 14.5],
			"rotation": {"angle": 0, "axis": "y", "origin": [-0.5, 2, 12.5]},
			"faces": {
				"north": {"uv": [1, 1.5, 2, 3], "rotation": 270, "texture": "#texture"},
				"east": {"uv": [1, 3, 2, 1.5], "rotation": 270, "texture": "#texture"},
				"south": {"uv": [1, 1.5, 2, 3], "rotation": 270, "texture": "#texture"},
				"west": {"uv": [1, 3, 2, 1.5], "rotation": 270, "texture": "#texture"},
				"up": {"uv": [1.5, 1.5, 2, 2], "texture": "#texture"},
				"down": {"uv": [1, 1.5, 1.5, 2], "texture": "#texture"}
			}
		},
		{
			"from": [7, 17, 1],
			"to": [9, 19, 12],
			"rotation": {"angle": 0, "axis": "y", "origin": [0, 0, 11]},
			"faces": {
				"north": {"uv": [7, 6.5, 7.5, 7.5], "texture": "#texture"},
				"east": {"uv": [2, 6.5, 7.5, 7.5], "texture": "#texture"},
				"west": {"uv": [7.5, 6.5, 2, 7.5], "texture": "#texture"},
				"down": {"uv": [2, 7, 7.5, 7.5], "rotation": 90, "texture": "#texture"}
			}
		},
		{
			"from": [7, 17, 14],
			"to": [9, 19, 16],
			"rotation": {"angle": 0, "axis": "y", "origin": [0, 0, 13]},
			"faces": {
				"east": {"uv": [0, 6.5, 1, 7.5], "texture": "#texture"},
				"south": {"uv": [0, 6.5, 0.5, 7.5], "texture": "#texture"},
				"west": {"uv": [0, 6.5, 1, 7.5], "texture": "#texture"},
				"up": {"uv": [0, 6.5, 1, 7], "texture": "#texture"},
				"down": {"uv": [0, 7, 1, 7.5], "texture": "#texture"}
			}
		},
		{
			"from": [5, 19, 1],
			"to": [11, 23, 12],
			"rotation": {"angle": 0, "axis": "y", "origin": [0, 2, 11]},
			"faces": {
				"north": {"uv": [4, 1.5, 7, 3.5], "texture": "#texture"},
				"east": {"uv": [7.5, 2, 13, 4], "texture": "#texture"},
				"south": {"uv": [4, 4.5, 7, 6.5], "texture": "#texture"},
				"west": {"uv": [13, 2, 7.5, 4], "texture": "#texture"},
				"up": {"uv": [7.5, 0, 13, 1], "rotation": 90, "texture": "#texture"},
				"down": {"uv": [7.5, 4, 13, 7], "rotation": 90, "texture": "#texture"}
			}
		},
		{
			"from": [7, 23, 1],
			"to": [9, 25, 12],
			"rotation": {"angle": 0, "axis": "y", "origin": [0, 5.1, 11]},
			"faces": {
				"north": {"uv": [5, 0.5, 6, 1.5], "texture": "#texture"},
				"east": {"uv": [7.5, 1, 13, 2], "texture": "#texture"},
				"west": {"uv": [7.5, 1, 13, 2], "texture": "#texture"},
				"up": {"uv": [13, 0, 7.5, 1], "rotation": 90, "texture": "#texture"}
			}
		},
		{
			"from": [5.26, 22.41, 1.01],
			"to": [8.14, 24.29, 11.89],
			"rotation": {"angle": 45, "axis": "z", "origin": [6.7, 23.3, 6.5]},
			"faces": {
				"north": {"uv": [6, 0.5, 7, 1.5], "texture": "#texture"},
				"south": {"uv": [4, 3.5, 5, 4.5], "texture": "#texture"},
				"up": {"uv": [13, 1, 7.5, 2], "rotation": 90, "texture": "#texture"}
			}
		},
		{
			"from": [4.8, 20.5, 2],
			"to": [4.8, 22.5, 8],
			"rotation": {"angle": 0, "axis": "y", "origin": [4.8, 22, 2.5]},
			"faces": {
				"west": {"uv": [8.5, 7.5, 12, 8.5], "texture": "#texture"}
			}
		},
		{
			"from": [7.86, 22.41, 1.01],
			"to": [10.74, 24.29, 11.89],
			"rotation": {"angle": -45, "axis": "z", "origin": [9.3, 23.3, 6.5]},
			"faces": {
				"north": {"uv": [5, 0.5, 4, 1.5], "texture": "#texture"},
				"south": {"uv": [7, 3.5, 6, 4.5], "texture": "#texture"},
				"up": {"uv": [13, 2, 7.5, 1], "rotation": 90, "texture": "#texture"}
			}
		}
	]
}