{
	"credit": "Made by Obscuria",
	"parent": "block/block",
	"ambientocclusion": false,
	"texture_size": [64, 64],
	"textures": {
		"texture": "trident_cliffs:block/street/news_stand",
		"particle": "#texture"
	},
	"elements": [
		{
			"from": [2, 0, 2],
			"to": [14, 1, 14],
			"rotation": {"angle": 0, "axis": "y", "origin": [12, 0, 12]},
			"faces": {
				"north": {"uv": [0.75, 6.25, 2.5, 6.5], "texture": "#texture"},
				"east": {"uv": [0.75, 6.25, 2.5, 6.5], "texture": "#texture"},
				"south": {"uv": [0.75, 6.25, 2.5, 6.5], "texture": "#texture"},
				"west": {"uv": [0.75, 6.25, 2.5, 6.5], "texture": "#texture"},
				"up": {"uv": [0.75, 6.25, 2.5, 6.5], "texture": "#texture"},
				"down": {"uv": [0.75, 6.25, 2.5, 6.5], "texture": "#texture", "cullface": "down"}
			}
		},
		{
			"from": [2.5, 1, 2.5],
			"to": [13.5, 6, 13.5],
			"rotation": {"angle": 0, "axis": "y", "origin": [12.5, 1, 11.5]},
			"faces": {
				"north": {"uv": [3, 6.75, 5.75, 8], "texture": "#texture"},
				"east": {"uv": [0.25, 6.75, 3, 8], "texture": "#texture"},
				"south": {"uv": [8.5, 6.75, 11.25, 8], "texture": "#texture"},
				"west": {"uv": [5.75, 6.75, 8.5, 8], "texture": "#texture"}
			}
		},
		{
			"from": [1.5, 6, 3.5],
			"to": [14.5, 18, 14.5],
			"rotation": {"angle": 0, "axis": "y", "origin": [12.5, 6, 22.5]},
			"faces": {
				"north": {"uv": [0, 0, 3.25, 3.25], "texture": "#texture"},
				"east": {"uv": [9.75, 8.25, 12.5, 11.25], "texture": "#texture"},
				"south": {"uv": [6.5, 8.25, 9.75, 11.25], "texture": "#texture"},
				"west": {"uv": [3.75, 8.25, 6.5, 11.25], "texture": "#texture"},
				"up": {"uv": [6.5, 8.25, 9.75, 8.5], "texture": "#texture"},
				"down": {"uv": [6.5, 11.25, 9.75, 11], "texture": "#texture"}
			}
		},
		{
			"from": [13.5, 6, 1.5],
			"to": [14.5, 21, 3.5],
			"rotation": {"angle": 0, "axis": "y", "origin": [23.5, 6, -0.5]},
			"faces": {
				"north": {"uv": [3.75, 2.5, 4, 6.25], "texture": "#texture"},
				"east": {"uv": [3.25, 2.5, 3.75, 6.25], "texture": "#texture"},
				"west": {"uv": [3.75, 2.5, 4, 6.25], "texture": "#texture"},
				"up": {"uv": [3.25, 2.5, 3.75, 2.75], "rotation": 270, "texture": "#texture"},
				"down": {"uv": [3.25, 6, 3.75, 6.25], "rotation": 90, "texture": "#texture"}
			}
		},
		{
			"from": [1.5, 6, 1.5],
			"to": [2.5, 21, 3.5],
			"rotation": {"angle": 0, "axis": "y", "origin": [11.5, 6, -0.5]},
			"faces": {
				"north": {"uv": [6.75, 2.5, 7, 6.25], "texture": "#texture"},
				"east": {"uv": [6.75, 2.5, 7, 6.25], "texture": "#texture"},
				"west": {"uv": [7, 2.5, 7.5, 6.25], "texture": "#texture"},
				"up": {"uv": [7, 2.5, 7.5, 2.75], "rotation": 90, "texture": "#texture"},
				"down": {"uv": [7, 6, 7.5, 6.25], "rotation": 270, "texture": "#texture"}
			}
		},
		{
			"from": [2.5, 6, 1.5],
			"to": [13.5, 7, 2.5],
			"rotation": {"angle": 0, "axis": "y", "origin": [12.5, 6, -0.5]},
			"faces": {
				"north": {"uv": [4, 6, 6.75, 6.25], "texture": "#texture"},
				"up": {"uv": [4, 6, 6.75, 6.25], "texture": "#texture"},
				"down": {"uv": [3.75, 6.25, 7, 6.5], "texture": "#texture"}
			}
		},
		{
			"from": [2.5, 20, 1.5],
			"to": [13.5, 21, 2.5],
			"rotation": {"angle": 0, "axis": "y", "origin": [12.5, 20, -0.5]},
			"faces": {
				"north": {"uv": [4, 2.5, 6.75, 2.75], "texture": "#texture"},
				"up": {"uv": [4, 2.25, 6.75, 2.5], "texture": "#texture"},
				"down": {"uv": [4, 2.5, 6.75, 2.75], "texture": "#texture"}
			}
		},
		{
			"from": [2.5, 7, 2],
			"to": [4.5, 20, 4],
			"rotation": {"angle": 0, "axis": "y", "origin": [12.5, 6, 0]},
			"faces": {
				"north": {"uv": [2.5, 3.25, 3, 6.75], "texture": "#texture"},
				"east": {"uv": [2.5, 3.25, 2.75, 6.75], "texture": "#texture"}
			}
		},
		{
			"from": [11.5, 7, 2],
			"to": [13.5, 20, 4],
			"rotation": {"angle": 0, "axis": "y", "origin": [22.5, 6, 0]},
			"faces": {
				"north": {"uv": [0.25, 3.25, 0.75, 6.75], "texture": "#texture"},
				"west": {"uv": [0.5, 3.25, 0.75, 6.75], "texture": "#texture"}
			}
		},
		{
			"from": [4.5, 7, 2],
			"to": [11.5, 9, 4],
			"rotation": {"angle": 0, "axis": "y", "origin": [21.5, 6, 0]},
			"faces": {
				"north": {"uv": [0.75, 6.25, 2.5, 6.75], "texture": "#texture"},
				"up": {"uv": [0.75, 6.25, 2.5, 6.5], "texture": "#texture"}
			}
		},
		{
			"from": [4.5, 18, 2],
			"to": [11.5, 20, 4],
			"rotation": {"angle": 0, "axis": "y", "origin": [21.5, 17, 0]},
			"faces": {
				"north": {"uv": [0.75, 3.25, 2.5, 3.75], "texture": "#texture"},
				"down": {"uv": [0.75, 3.5, 2.5, 3.75], "texture": "#texture"}
			}
		},
		{
			"from": [3, 12, 1],
			"to": [4, 15, 2],
			"rotation": {"angle": 0, "axis": "y", "origin": [13, 6, -1]},
			"faces": {
				"north": {"uv": [3, 4.5, 3.25, 5.25], "texture": "#texture"},
				"east": {"uv": [3, 4.5, 3.25, 5.25], "texture": "#texture"},
				"west": {"uv": [3, 4.5, 3.25, 5.25], "texture": "#texture"},
				"up": {"uv": [3, 4.5, 3.25, 4.75], "texture": "#texture"},
				"down": {"uv": [3, 5, 3.25, 5.25], "texture": "#texture"}
			}
		},
		{
			"from": [1.48, 19.98, 1.68],
			"to": [14.52, 21.02, 4.72],
			"rotation": {"angle": -22.5, "axis": "x", "origin": [8, 20.5, 1.7]},
			"faces": {
				"north": {"uv": [3.75, 2.5, 7, 2.75], "rotation": 180, "texture": "#texture"},
				"east": {"uv": [3.75, 1.75, 4, 2.5], "rotation": 270, "texture": "#texture"},
				"south": {"uv": [0.25, 8.25, 3.5, 8.5], "texture": "#texture"},
				"west": {"uv": [6.75, 1.75, 7, 2.5], "rotation": 90, "texture": "#texture"},
				"up": {"uv": [3.75, 1.75, 7, 2.5], "rotation": 180, "texture": "#texture"}
			}
		},
		{
			"from": [1.49, 16.99, 3.29],
			"to": [14.51, 18.01, 14.31],
			"rotation": {"angle": 22.5, "axis": "x", "origin": [8, 17.5, 14.3]},
			"faces": {
				"north": {"uv": [0.25, 8.25, 3.5, 8.5], "rotation": 180, "texture": "#texture"},
				"east": {"uv": [3.25, 8.25, 3.5, 11], "rotation": 90, "texture": "#texture"},
				"south": {"uv": [0.25, 10.75, 3.5, 11], "texture": "#texture"},
				"west": {"uv": [0.25, 8.25, 0.5, 11], "rotation": 270, "texture": "#texture"},
				"up": {"uv": [0.25, 8.25, 3.5, 11], "texture": "#texture"}
			}
		},
		{
			"from": [14.4, 17.1, 2.5],
			"to": [14.4, 21.1, 6.5],
			"rotation": {"angle": 0, "axis": "y", "origin": [23.4, 18.1, 11.5]},
			"faces": {
				"east": {"uv": [3.75, 8.25, 6.25, 8.5], "texture": "#texture"}
			}
		},
		{
			"from": [1.6, 17.1, 2.5],
			"to": [1.6, 21.1, 6.5],
			"rotation": {"angle": 0, "axis": "y", "origin": [10.6, 18.1, 11.5]},
			"faces": {
				"west": {"uv": [3.75, 8.25, 6.25, 8.5], "texture": "#texture"}
			}
		},
		{
			"from": [14.4, 17.2, 6.5],
			"to": [14.4, 20.2, 8.5],
			"rotation": {"angle": 0, "axis": "y", "origin": [23.4, 18.2, 15.5]},
			"faces": {
				"east": {"uv": [3.75, 8.25, 6.25, 8.5], "texture": "#texture"}
			}
		},
		{
			"from": [1.6, 17.2, 6.5],
			"to": [1.6, 20.2, 8.5],
			"rotation": {"angle": 0, "axis": "y", "origin": [10.6, 18.2, 15.5]},
			"faces": {
				"west": {"uv": [3.75, 8.25, 6.25, 8.5], "texture": "#texture"}
			}
		},
		{
			"from": [14.4, 17.5, 8.5],
			"to": [14.4, 19.5, 10.5],
			"rotation": {"angle": 0, "axis": "y", "origin": [23.4, 18.5, 17.5]},
			"faces": {
				"east": {"uv": [3.75, 8.25, 6.25, 8.5], "texture": "#texture"}
			}
		},
		{
			"from": [1.6, 17.5, 8.5],
			"to": [1.6, 19.5, 10.5],
			"rotation": {"angle": 0, "axis": "y", "origin": [10.6, 18.5, 17.5]},
			"faces": {
				"west": {"uv": [3.75, 8.25, 6.25, 8.5], "texture": "#texture"}
			}
		},
		{
			"from": [14.4, 17.6, 10.5],
			"to": [14.4, 18.6, 12.5],
			"rotation": {"angle": 0, "axis": "y", "origin": [23.4, 18.6, 19.5]},
			"faces": {
				"east": {"uv": [3.75, 8.25, 6.25, 8.5], "texture": "#texture"}
			}
		},
		{
			"from": [1.6, 17.6, 10.5],
			"to": [1.6, 18.6, 12.5],
			"rotation": {"angle": 0, "axis": "y", "origin": [10.6, 18.6, 19.5]},
			"faces": {
				"west": {"uv": [3.75, 8.25, 6.25, 8.5], "texture": "#texture"}
			}
		},
		{
			"from": [4.5, 9, 2.5],
			"to": [11.5, 18, 2.5],
			"rotation": {"angle": 0, "axis": "y", "origin": [21.5, 15, 0.5]},
			"faces": {
				"north": {"uv": [0.75, 3.75, 2.5, 6.25], "texture": "#texture"}
			}
		}
	]
}