{
	"credit": "Made by Obscuria",
	"parent": "block/block",
	"textures": {
		"particle": "trident_cliffs:block/street/parking_meter",
		"texture": "trident_cliffs:block/street/parking_meter"
	},
	"elements": [
		{
			"from": [7, 0, 7],
			"to": [9, 4, 9],
			"rotation": {"angle": 0, "axis": "y", "origin": [7, 0, 7]},
			"faces": {
				"north": {"uv": [0.5, 14, 1, 16], "texture": "#texture"},
				"east": {"uv": [0, 14, 1, 16], "texture": "#texture"},
				"south": {"uv": [0, 14, 0.5, 16], "texture": "#texture"},
				"west": {"uv": [1, 14, 0, 16], "texture": "#texture"},
				"up": {"uv": [1, 14, 0, 14.5], "rotation": 90, "texture": "#texture"},
				"down": {"uv": [0, 14, 1, 14.5], "rotation": 90, "texture": "#texture", "cullface": "down"}
			}
		},
		{
			"from": [7.5, 4, 7.5],
			"to": [8.5, 19, 8.5],
			"rotation": {"angle": 0, "axis": "y", "origin": [7.5, 11, 6.5]},
			"faces": {
				"north": {"uv": [1.5, 16, 2, 8.5], "rotation": 180, "texture": "#texture"},
				"east": {"uv": [1.5, 16, 2, 8.5], "rotation": 180, "texture": "#texture"},
				"south": {"uv": [1.5, 16, 2, 8.5], "rotation": 180, "texture": "#texture"},
				"west": {"uv": [1.5, 16, 2, 8.5], "rotation": 180, "texture": "#texture"}
			}
		},
		{
			"from": [6, 22, 6.5],
			"to": [10, 26, 9.5],
			"rotation": {"angle": 0, "axis": "y", "origin": [7, 17, 7.5]},
			"faces": {
				"north": {"uv": [0, 0, 2, 2], "texture": "#texture"},
				"east": {"uv": [0, 2, 2, 3.5], "rotation": 90, "texture": "#texture"},
				"south": {"uv": [2, 0, 4, 2], "texture": "#texture"},
				"west": {"uv": [0, 2, 2, 3.5], "rotation": 90, "texture": "#texture"},
				"up": {"uv": [0, 2, 2, 3.5], "texture": "#texture"},
				"down": {"uv": [0, 2, 2, 3.5], "texture": "#texture"}
			}
		},
		{
			"from": [9.01, 19.01, 6.51],
			"to": [9.99, 21.99, 9.49],
			"rotation": {"angle": -22.5, "axis": "z", "origin": [10, 22, 8]},
			"faces": {
				"north": {"uv": [0.5, 4.5, 1.5, 5], "texture": "#texture"},
				"east": {"uv": [0, 2, 0.5, 3.5], "rotation": 90, "texture": "#texture"},
				"south": {"uv": [0.5, 4.5, 1.5, 5], "texture": "#texture"}
			}
		},
		{
			"from": [6.01, 19.01, 6.51],
			"to": [6.99, 21.99, 9.49],
			"rotation": {"angle": 22.5, "axis": "z", "origin": [6, 22, 8]},
			"faces": {
				"north": {"uv": [0.5, 4.5, 1.5, 5], "texture": "#texture"},
				"south": {"uv": [0.5, 4.5, 1.5, 5], "texture": "#texture"},
				"west": {"uv": [1.5, 2, 2, 3.5], "rotation": 90, "texture": "#texture"}
			}
		},
		{
			"from": [7, 19, 6.5],
			"to": [9, 22, 9.5],
			"rotation": {"angle": 0, "axis": "y", "origin": [7, 13, 7.5]},
			"faces": {
				"north": {"uv": [0.5, 3.5, 1.5, 5], "texture": "#texture"},
				"east": {"uv": [0.5, 3.5, 1.5, 5], "texture": "#texture"},
				"south": {"uv": [0.5, 3.5, 1.5, 5], "texture": "#texture"},
				"west": {"uv": [0.5, 3.5, 1.5, 5], "texture": "#texture"},
				"down": {"uv": [0.5, 4.5, 1.5, 5], "texture": "#texture"}
			}
		},
		{
			"from": [6, 24, 7.5],
			"to": [10, 28, 8.5],
			"rotation": {"angle": 45, "axis": "z", "origin": [8, 26, 8]},
			"faces": {
				"north": {"uv": [4, 0, 6, 2], "texture": "#texture"},
				"east": {"uv": [7.5, 0, 8, 2], "texture": "#texture"},
				"south": {"uv": [6, 0, 8, 2], "texture": "#texture"},
				"west": {"uv": [6, 1.5, 8, 2], "texture": "#texture"},
				"up": {"uv": [6, 0, 8, 0.5], "texture": "#texture"},
				"down": {"uv": [4, 1.5, 6, 2], "texture": "#texture"}
			}
		},
		{
			"from": [7.01, 21.01, 6.01],
			"to": [8.99, 21.99, 6.99],
			"rotation": {"angle": 0, "axis": "y", "origin": [7, 16, 5]},
			"faces": {
				"north": {"uv": [2.5, 3, 3.5, 3.5], "texture": "#texture"},
				"east": {"uv": [2.5, 3, 3, 3.5], "texture": "#texture"},
				"west": {"uv": [3, 3, 3.5, 3.5], "texture": "#texture"},
				"up": {"uv": [2.5, 3, 3.5, 3.5], "texture": "#texture"},
				"down": {"uv": [2.5, 3, 3.5, 3.5], "texture": "#texture"}
			}
		}
	]
}