{
	"credit": "Made by Obscuria",
	"parent": "block/block",
	"textures": {
		"particle": "trident_cliffs:block/street/post_box",
		"texture": "trident_cliffs:block/street/post_box"
	},
	"elements": [
		{
			"from": [1, 0, 1],
			"to": [3, 2, 3],
			"rotation": {"angle": 0, "axis": "y", "origin": [1, 0, 1]},
			"faces": {
				"north": {"uv": [6, 12, 7, 11.5], "texture": "#texture"},
				"east": {"uv": [6.5, 11.5, 7, 12], "texture": "#texture"},
				"south": {"uv": [0, 11.5, 0.5, 12], "texture": "#texture"},
				"west": {"uv": [0, 11.5, 1, 12], "texture": "#texture"},
				"down": {"uv": [6, 11, 7, 12], "rotation": 90, "texture": "#texture", "cullface": "down"}
			}
		},
		{
			"from": [13, 0, 1],
			"to": [15, 2, 3],
			"rotation": {"angle": 0, "axis": "y", "origin": [13, 0, 1]},
			"faces": {
				"north": {"uv": [0, 12, 1, 11.5], "texture": "#texture"},
				"east": {"uv": [6, 11.5, 7, 12], "texture": "#texture"},
				"south": {"uv": [6.5, 11.5, 7, 12], "texture": "#texture"},
				"west": {"uv": [0, 11.5, 0.5, 12], "texture": "#texture"},
				"down": {"uv": [6, 11, 7, 12], "texture": "#texture", "cullface": "down"}
			}
		},
		{
			"from": [13, 0, 13],
			"to": [15, 2, 15],
			"rotation": {"angle": 0, "axis": "y", "origin": [13, 0, 13]},
			"faces": {
				"north": {"uv": [0, 11.5, 0.5, 12], "texture": "#texture"},
				"east": {"uv": [0, 11.5, 1, 12], "texture": "#texture"},
				"south": {"uv": [6, 11.5, 7, 12], "texture": "#texture"},
				"west": {"uv": [6.5, 11.5, 7, 12], "texture": "#texture"},
				"down": {"uv": [6, 11, 7, 12], "rotation": 270, "texture": "#texture", "cullface": "down"}
			}
		},
		{
			"from": [1, 0, 13],
			"to": [3, 2, 15],
			"rotation": {"angle": 0, "axis": "y", "origin": [1, 0, 13]},
			"faces": {
				"north": {"uv": [6.5, 11.5, 7, 12], "texture": "#texture"},
				"east": {"uv": [0, 11.5, 0.5, 12], "texture": "#texture"},
				"south": {"uv": [0, 11.5, 1, 12], "texture": "#texture"},
				"west": {"uv": [6, 11.5, 7, 12], "texture": "#texture"},
				"down": {"uv": [6, 11, 7, 12], "rotation": 180, "texture": "#texture", "cullface": "down"}
			}
		},
		{
			"from": [1, 2, 1],
			"to": [15, 14, 15],
			"rotation": {"angle": 0, "axis": "y", "origin": [1, 2, 13]},
			"faces": {
				"north": {"uv": [0, 0, 7, 6], "texture": "#texture"},
				"east": {"uv": [0, 6, 7, 12], "texture": "#texture"},
				"south": {"uv": [7, 6, 14, 12], "texture": "#texture"},
				"west": {"uv": [0, 6, 7, 12], "texture": "#texture"},
				"up": {"uv": [7.5, 6, 13.5, 12], "texture": "#texture"},
				"down": {"uv": [7, 11.5, 7.5, 12], "texture": "#texture"}
			}
		},
		{
			"from": [1, 14, 1],
			"to": [3, 19, 5],
			"rotation": {"angle": 0, "axis": "y", "origin": [2, 16, 2]},
			"faces": {
				"north": {"uv": [6, 0, 7, 2.5], "texture": "#texture"},
				"east": {"uv": [9.5, 7.5, 11.5, 10], "texture": "#texture"},
				"west": {"uv": [0, 6, 2, 8.5], "texture": "#texture"},
				"up": {"uv": [14, 5.5, 13, 3.5], "texture": "#texture"}
			}
		},
		{
			"from": [13, 14, 1],
			"to": [15, 19, 5],
			"rotation": {"angle": 0, "axis": "y", "origin": [14, 16, 2]},
			"faces": {
				"north": {"uv": [0, 0, 1, 2.5], "texture": "#texture"},
				"east": {"uv": [5, 6, 7, 8.5], "texture": "#texture"},
				"west": {"uv": [9.5, 7.5, 11.5, 10], "texture": "#texture"},
				"up": {"uv": [8, 5.5, 7, 3.5], "texture": "#texture"}
			}
		},
		{
			"from": [1, 14, 5],
			"to": [15, 23, 11],
			"rotation": {"angle": 0, "axis": "y", "origin": [15, 2.5, 12.5]},
			"faces": {
				"north": {"uv": [7, 0, 14, 4.5], "texture": "#texture"},
				"east": {"uv": [4.5, 6, 0, 9], "rotation": 270, "texture": "#texture"},
				"south": {"uv": [7, 0, 14, 4.5], "texture": "#texture"},
				"west": {"uv": [4.5, 6, 0, 9], "rotation": 270, "texture": "#texture"},
				"up": {"uv": [7, 6, 14, 9], "texture": "#texture"}
			}
		},
		{
			"from": [1, 14, 11],
			"to": [15, 19, 15],
			"rotation": {"angle": 0, "axis": "y", "origin": [14, 16, 14]},
			"faces": {
				"east": {"uv": [0, 6, 2, 8.5], "texture": "#texture"},
				"south": {"uv": [7, 6, 14, 8.5], "texture": "#texture"},
				"west": {"uv": [5, 6, 7, 8.5], "texture": "#texture"},
				"up": {"uv": [7, 3.5, 14, 5.5], "texture": "#texture"}
			}
		},
		{
			"from": [3, 12, 2],
			"to": [13, 14, 5],
			"rotation": {"angle": -22.5, "axis": "x", "origin": [8, 14, 2]},
			"faces": {
				"up": {"uv": [0, 13, 5, 14.5], "texture": "#texture"}
			}
		},
		{
			"from": [3, 15.5, 4.5],
			"to": [13, 21.5, 5.5],
			"rotation": {"angle": -22.5, "axis": "x", "origin": [8, 15.5, 5.5]},
			"faces": {
				"north": {"uv": [0, 13, 5, 16], "texture": "#texture"},
				"east": {"uv": [0, 13, 0.5, 16], "texture": "#texture"},
				"south": {"uv": [0, 13, 5, 16], "texture": "#texture"},
				"west": {"uv": [4.5, 13, 5, 16], "texture": "#texture"},
				"up": {"uv": [0, 13, 5, 13.5], "texture": "#texture"}
			}
		},
		{
			"from": [5, 18.5, 3.4],
			"to": [11, 19.5, 4.4],
			"rotation": {"angle": -22.5, "axis": "x", "origin": [8, 15.5, 3.4]},
			"faces": {
				"north": {"uv": [1, 12.5, 4, 13], "texture": "#texture"},
				"east": {"uv": [1, 12.5, 1.5, 13], "texture": "#texture"},
				"west": {"uv": [3.5, 12.5, 4, 13], "texture": "#texture"},
				"up": {"uv": [1, 12.5, 4, 13], "texture": "#texture"},
				"down": {"uv": [1, 12.5, 4, 13], "texture": "#texture"}
			}
		},
		{
			"from": [1.09, 17.69, 8.69],
			"to": [14.91, 21.51, 14.51],
			"rotation": {"angle": 45, "axis": "x", "origin": [8, 19.6, 11.6]},
			"faces": {
				"east": {"uv": [3, 6, 0, 8], "rotation": 270, "texture": "#texture"},
				"west": {"uv": [7, 6, 4, 8], "rotation": 90, "texture": "#texture"},
				"up": {"uv": [7, 6, 14, 9.5], "texture": "#texture"}
			}
		},
		{
			"from": [13.09, 17.69, 1.49],
			"to": [14.91, 21.51, 7.31],
			"rotation": {"angle": -45, "axis": "x", "origin": [8, 19.6, 4.4]},
			"faces": {
				"east": {"uv": [7, 6, 4, 8], "rotation": 90, "texture": "#texture"},
				"west": {"uv": [9, 8, 12, 10], "texture": "#texture"},
				"up": {"uv": [1, 0, 0, 3], "texture": "#texture"}
			}
		},
		{
			"from": [1.09, 17.69, 1.49],
			"to": [2.91, 21.51, 7.31],
			"rotation": {"angle": -45, "axis": "x", "origin": [8, 19.6, 4.4]},
			"faces": {
				"east": {"uv": [9, 8, 12, 10], "texture": "#texture"},
				"west": {"uv": [3, 6, 0, 8], "rotation": 270, "texture": "#texture"},
				"up": {"uv": [7, 0, 6, 3], "texture": "#texture"}
			}
		}
	]
}