{
	"credit": "Made by Obscuria",
	"parent": "block/block",
	"ambientocclusion": false,
	"textures": {
		"texture": "trident_cliffs:block/street/power_box",
		"particle": "#texture"
	},
	"elements": [
		{
			"from": [1, -4, 15],
			"to": [15, 16, 16],
			"rotation": {"angle": 0, "axis": "y", "origin": [7, 14, 14]},
			"faces": {
				"north": {"uv": [0, 0, 7, 10], "texture": "#texture"},
				"east": {"uv": [0, 0, 0.5, 10], "texture": "#texture"},
				"south": {"uv": [0, 0, 0.5, 0.5], "texture": "#texture", "cullface": "south"},
				"west": {"uv": [6.5, 0, 7, 10], "texture": "#texture"},
				"up": {"uv": [0, 0, 7, 0.5], "texture": "#texture"},
				"down": {"uv": [0, 9.5, 7, 10], "texture": "#texture"}
			}
		},
		{
			"from": [2, -3, 14.5],
			"to": [14, 15, 15.5],
			"rotation": {"angle": 0, "axis": "y", "origin": [7, 14, 13.5]},
			"faces": {
				"north": {"uv": [0.5, 0.5, 6.5, 9.5], "texture": "#texture"},
				"east": {"uv": [0.5, 0.5, 1, 9.5], "texture": "#texture"},
				"west": {"uv": [6, 0.5, 6.5, 9.5], "texture": "#texture"},
				"up": {"uv": [0.5, 0.5, 6.5, 1], "texture": "#texture"},
				"down": {"uv": [0.5, 9, 6.5, 9.5], "texture": "#texture"}
			}
		},
		{
			"from": [18, -2, 13],
			"to": [26, 14, 16],
			"rotation": {"angle": 0, "axis": "y", "origin": [24, 14, 14]},
			"faces": {
				"north": {"uv": [8, 0, 12, 8], "texture": "#texture"},
				"east": {"uv": [12, 0, 13.5, 8], "texture": "#texture"},
				"south": {"uv": [8, 0, 8.5, 0.5], "texture": "#texture", "cullface": "south"},
				"west": {"uv": [12, 0, 13.5, 8], "texture": "#texture"},
				"up": {"uv": [8, 8, 12, 9.5], "texture": "#texture"},
				"down": {"uv": [8, 8, 12, 9.5], "texture": "#texture"}
			}
		},
		{
			"from": [19, -1, 12.5],
			"to": [25, 13, 13.5],
			"rotation": {"angle": 0, "axis": "y", "origin": [24, 14, 11.5]},
			"faces": {
				"north": {"uv": [8.5, 0.5, 11.5, 7.5], "texture": "#texture"},
				"east": {"uv": [8.5, 0.5, 9, 7.5], "texture": "#texture"},
				"west": {"uv": [11, 0.5, 11.5, 7.5], "texture": "#texture"},
				"up": {"uv": [8.5, 0.5, 11.5, 1], "texture": "#texture"},
				"down": {"uv": [8.5, 7, 11.5, 7.5], "texture": "#texture"}
			}
		},
		{
			"from": [-8, -2, 11],
			"to": [-2, 4, 16],
			"rotation": {"angle": 0, "axis": "y", "origin": [-4, 14, 14]},
			"faces": {
				"north": {"uv": [0.5, 10.5, 3.5, 13.5], "texture": "#texture"},
				"east": {"uv": [3.5, 10.5, 5.5, 13.5], "texture": "#texture"},
				"south": {"uv": [0.5, 10.5, 1, 11], "texture": "#texture", "cullface": "south"},
				"west": {"uv": [3.5, 10.5, 5.5, 13.5], "texture": "#texture"},
				"up": {"uv": [0.5, 13.5, 3.5, 15.5], "texture": "#texture"},
				"down": {"uv": [0.5, 13.5, 3.5, 15.5], "texture": "#texture"}
			}
		},
		{
			"from": [-7, -1, 10.5],
			"to": [-3, 3, 11.5],
			"rotation": {"angle": 0, "axis": "y", "origin": [-4, 14, 9.5]},
			"faces": {
				"north": {"uv": [1, 11, 3, 13], "texture": "#texture"},
				"east": {"uv": [1, 11, 1.5, 13], "texture": "#texture"},
				"west": {"uv": [2.5, 11, 3, 13], "texture": "#texture"},
				"up": {"uv": [1, 11, 3, 11.5], "texture": "#texture"},
				"down": {"uv": [1, 12.5, 3, 13], "texture": "#texture"}
			}
		},
		{
			"from": [-5.5, -16, 15],
			"to": [-4.5, -2, 16],
			"rotation": {"angle": 0, "axis": "y", "origin": [-3.5, 8, 14]},
			"faces": {
				"north": {"uv": [12.5, 9, 13, 16], "texture": "#texture"},
				"east": {"uv": [12.5, 9, 13, 16], "texture": "#texture"},
				"south": {"uv": [12.5, 9, 13, 16], "texture": "#texture", "cullface": "south"},
				"west": {"uv": [12.5, 9, 13, 16], "texture": "#texture"},
				"down": {"uv": [12.5, 15.5, 13, 16], "texture": "#texture", "cullface": "down"}
			}
		},
		{
			"from": [-8, 9, 15.8],
			"to": [-2, 14, 15.8],
			"rotation": {"angle": 0, "axis": "y", "origin": [-4, 24, 13.8]},
			"faces": {
				"north": {"uv": [8, 10.5, 11, 13], "texture": "#texture"}
			}
		}
	]
}