{
	"credit": "Made by Obscuria",
	"parent": "block/block",
	"texture_size": [64, 64],
	"textures": {
		"particle": "#texture",
		"texture": "trident_cliffs:block/street/public_phone"
	},
	"elements": [
		{
			"from": [4, 0, 10],
			"to": [12, 1, 14],
			"rotation": {"angle": 0, "axis": "y", "origin": [7, 0, 12]},
			"faces": {
				"north": {"uv": [0.25, 3.5, 2.25, 3.75], "texture": "#texture"},
				"east": {"uv": [0.25, 3.5, 0.5, 4.5], "texture": "#texture"},
				"south": {"uv": [0.25, 4.25, 2.25, 4.5], "texture": "#texture"},
				"west": {"uv": [2, 3.5, 2.25, 4.5], "texture": "#texture"},
				"up": {"uv": [0.25, 3.5, 2.25, 4.5], "texture": "#texture"},
				"down": {"uv": [0.25, 3.5, 2.25, 4.5], "texture": "#texture", "cullface": "down"}
			}
		},
		{
			"from": [5, 1, 11],
			"to": [11, 14, 13],
			"rotation": {"angle": 0, "axis": "y", "origin": [5, 1, 11]},
			"faces": {
				"north": {"uv": [0.5, 0, 2, 3.25], "texture": "#texture"},
				"east": {"uv": [0, 0, 0.5, 3.25], "texture": "#texture"},
				"south": {"uv": [2.5, 0, 4, 3.25], "texture": "#texture"},
				"west": {"uv": [2, 0, 2.5, 3.25], "texture": "#texture"}
			}
		},
		{
			"from": [2, 14, 7],
			"to": [14, 15, 15],
			"rotation": {"angle": 0, "axis": "y", "origin": [7, 14, 11]},
			"faces": {
				"north": {"uv": [13, 4.25, 16, 4.5], "texture": "#texture"},
				"east": {"uv": [6.25, 4.25, 4.25, 4.5], "texture": "#texture"},
				"south": {"uv": [6.5, 4.5, 9.5, 4.25], "texture": "#texture"},
				"west": {"uv": [4.25, 4.25, 6.25, 4.5], "texture": "#texture"},
				"up": {"uv": [11, 6.75, 14, 4.75], "texture": "#texture"},
				"down": {"uv": [9.75, 2.5, 12.75, 4.5], "texture": "#texture"}
			}
		},
		{
			"from": [2, 15, 14],
			"to": [14, 31, 15],
			"rotation": {"angle": 0, "axis": "y", "origin": [7, 15, 11]},
			"faces": {
				"north": {"uv": [13, 0.25, 16, 4.25], "texture": "#texture"},
				"east": {"uv": [6, 0.25, 6.25, 4.25], "texture": "#texture"},
				"south": {"uv": [6.5, 0.25, 9.5, 4.25], "texture": "#texture"},
				"west": {"uv": [6, 0.25, 6.25, 4.25], "texture": "#texture"}
			}
		},
		{
			"from": [2, 31, 7],
			"to": [14, 32, 15],
			"rotation": {"angle": 0, "axis": "y", "origin": [7, 15, 10]},
			"faces": {
				"north": {"uv": [13, 0, 16, 0.25], "texture": "#texture"},
				"east": {"uv": [6.25, 0, 4.25, 0.25], "texture": "#texture"},
				"south": {"uv": [6.5, 0, 9.5, 0.25], "texture": "#texture"},
				"west": {"uv": [4.25, 0, 6.25, 0.25], "texture": "#texture"},
				"up": {"uv": [9.75, 0, 12.75, 2], "texture": "#texture"},
				"down": {"uv": [11, 4.75, 14, 6.75], "texture": "#texture"}
			}
		},
		{
			"from": [13, 15, 7],
			"to": [14, 31, 14],
			"rotation": {"angle": 0, "axis": "y", "origin": [7, 15, 11]},
			"faces": {
				"north": {"uv": [13, 0, 13.25, 4.5], "texture": "#texture"},
				"east": {"uv": [6, 0.25, 4.25, 4.25], "texture": "#texture"},
				"west": {"uv": [14.25, 4.75, 16, 8.75], "texture": "#texture"}
			}
		},
		{
			"from": [2, 15, 7],
			"to": [3, 31, 14],
			"rotation": {"angle": 0, "axis": "y", "origin": [-4, 15, 11]},
			"faces": {
				"north": {"uv": [15.75, 0, 16, 4.5], "texture": "#texture"},
				"east": {"uv": [16, 4.75, 14.25, 8.75], "texture": "#texture"},
				"west": {"uv": [4.25, 0.25, 6, 4.25], "texture": "#texture"}
			}
		},
		{
			"from": [4, 16, 10],
			"to": [12, 30, 14],
			"rotation": {"angle": 0, "axis": "y", "origin": [7, 15, 10]},
			"faces": {
				"north": {"uv": [8.75, 4.75, 10.75, 8.25], "texture": "#texture"},
				"east": {"uv": [5.75, 4.75, 6.75, 8.25], "texture": "#texture"},
				"west": {"uv": [6.75, 4.75, 5.75, 8.25], "texture": "#texture"},
				"up": {"uv": [3.5, 5.75, 5.5, 4.75], "texture": "#texture"},
				"down": {"uv": [3.5, 7, 5.5, 6], "texture": "#texture"}
			}
		},
		{
			"from": [6.5, 22, 9.5],
			"to": [9.5, 25, 10.5],
			"rotation": {"angle": 0, "axis": "y", "origin": [7.5, 13, 6.5]},
			"faces": {
				"north": {"uv": [11, 7, 11.75, 7.75], "texture": "#texture"},
				"east": {"uv": [11, 7, 11.25, 7.75], "texture": "#texture"},
				"west": {"uv": [11.5, 7, 11.75, 7.75], "texture": "#texture"},
				"up": {"uv": [11, 7, 11.75, 7.25], "texture": "#texture"},
				"down": {"uv": [11, 7.5, 11.75, 7.75], "texture": "#texture"}
			}
		},
		{
			"from": [6.5, 26, 9],
			"to": [9.5, 27, 10],
			"rotation": {"angle": 0, "axis": "y", "origin": [7.5, 15, 6]},
			"faces": {
				"north": {"uv": [12, 7, 12.75, 7.25], "texture": "#texture"},
				"east": {"uv": [12, 7, 12.25, 7.25], "texture": "#texture"},
				"west": {"uv": [12.5, 7, 12.75, 7.25], "texture": "#texture"},
				"up": {"uv": [12, 7, 12.75, 7.25], "texture": "#texture"},
				"down": {"uv": [12, 7, 12.75, 7.25], "texture": "#texture"}
			}
		},
		{
			"from": [7, 25.5, 8],
			"to": [9, 27.5, 10],
			"rotation": {"angle": 0, "axis": "y", "origin": [8, 15.5, 6]},
			"faces": {
				"north": {"uv": [7.5, 5.25, 8, 5.75], "texture": "#texture"},
				"east": {"uv": [7, 5.25, 7.5, 5.75], "texture": "#texture"},
				"west": {"uv": [8, 5.25, 8.5, 5.75], "texture": "#texture"},
				"up": {"uv": [8, 5.25, 7.5, 4.75], "texture": "#texture"},
				"down": {"uv": [8, 5.25, 7.5, 4.75], "texture": "#texture"}
			}
		},
		{
			"from": [7, 19.5, 8],
			"to": [9, 21.5, 10],
			"rotation": {"angle": 0, "axis": "y", "origin": [8, 9.5, 6]},
			"faces": {
				"north": {"uv": [7.5, 6.75, 8, 7.25], "texture": "#texture"},
				"east": {"uv": [7, 6.75, 7.5, 7.25], "texture": "#texture"},
				"west": {"uv": [8, 6.75, 8.5, 7.25], "texture": "#texture"},
				"up": {"uv": [8, 7.75, 7.5, 7.25], "texture": "#texture"},
				"down": {"uv": [8, 7.75, 7.5, 7.25], "texture": "#texture"}
			}
		},
		{
			"from": [7, 21.5, 8],
			"to": [9, 25.5, 9],
			"rotation": {"angle": 0, "axis": "y", "origin": [8, 10.5, 6]},
			"faces": {
				"north": {"uv": [7.5, 5.75, 8, 6.75], "texture": "#texture"},
				"east": {"uv": [7.25, 5.75, 7.5, 6.75], "texture": "#texture"},
				"south": {"uv": [8, 5.75, 7.5, 6.75], "texture": "#texture"},
				"west": {"uv": [8, 5.75, 8.25, 6.75], "texture": "#texture"}
			}
		},
		{
			"from": [8, 17.5, 8.5],
			"to": [8, 19.5, 9.5],
			"rotation": {"angle": 0, "axis": "y", "origin": [9, 6.5, 6.5]},
			"faces": {
				"east": {"uv": [13, 7, 13.75, 7.75], "texture": "#texture"},
				"west": {"uv": [13, 7, 13.75, 7.75], "texture": "#texture"}
			}
		},
		{
			"from": [8, 17.5, 8.5],
			"to": [10, 17.5, 9.5],
			"rotation": {"angle": -45, "axis": "z", "origin": [8, 17.5, 9]},
			"faces": {
				"up": {"uv": [13, 7, 13.75, 7.75], "texture": "#texture"},
				"down": {"uv": [13, 7, 13.75, 7.75], "texture": "#texture"}
			}
		},
		{
			"from": [10.10711, 15.79289, 8.5],
			"to": [10.10711, 17.79289, 9.5],
			"rotation": {"angle": -45, "axis": "z", "origin": [10.10711, 16.79289, 9]},
			"faces": {
				"east": {"uv": [13, 7, 13.75, 7.75], "texture": "#texture"},
				"west": {"uv": [13, 7, 13.75, 7.75], "texture": "#texture"}
			}
		},
		{
			"from": [10.8, 17.5, 8.5],
			"to": [10.8, 26.5, 9.5],
			"rotation": {"angle": 0, "axis": "y", "origin": [11.8, 6.5, 6.5]},
			"faces": {
				"east": {"uv": [13, 7, 13.75, 7.75], "texture": "#texture"},
				"west": {"uv": [13, 7, 13.75, 7.75], "texture": "#texture"}
			}
		},
		{
			"from": [10.8, 26.13, 8.4],
			"to": [10.8, 29.13, 9.4],
			"rotation": {"angle": 45, "axis": "x", "origin": [10.8, 26.2, 8.9]},
			"faces": {
				"east": {"uv": [13, 7, 13.75, 7.75], "texture": "#texture"},
				"west": {"uv": [13, 7, 13.75, 7.75], "texture": "#texture"}
			}
		}
	]
}