{
	"credit": "Made by Obscuria",
	"parent": "block/block",
	"textures": {
		"texture": "trident_cliffs:block/street/trash_can",
		"particle": "#texture"
	},
	"elements": [
		{
			"from": [3, 0, 3],
			"to": [13, 14, 13],
			"rotation": {"angle": 0, "axis": "y", "origin": [4, 0, 10]},
			"faces": {
				"north": {"uv": [0, 9, 5, 16], "texture": "#texture"},
				"east": {"uv": [0, 9, 5, 16], "texture": "#texture"},
				"south": {"uv": [0, 9, 5, 16], "texture": "#texture"},
				"west": {"uv": [0, 9, 5, 16], "texture": "#texture"},
				"down": {"uv": [5, 11, 10, 16], "texture": "#texture", "cullface": "down"}
			}
		},
		{
			"from": [2, 14, 2],
			"to": [14, 17, 14],
			"rotation": {"angle": 0, "axis": "y", "origin": [4, 14, 10]},
			"faces": {
				"north": {"uv": [0, 6, 6, 7.5], "texture": "#texture"},
				"east": {"uv": [0, 6, 6, 7.5], "texture": "#texture"},
				"south": {"uv": [0, 6, 6, 7.5], "texture": "#texture"},
				"west": {"uv": [0, 6, 6, 7.5], "texture": "#texture"},
				"up": {"uv": [0, 0, 6, 6], "texture": "#texture", "cullface": "up"},
				"down": {"uv": [6, 0, 12, 6], "texture": "#texture"}
			}
		},
		{
			"from": [5, 17, 6.5],
			"to": [11, 19, 9.5],
			"rotation": {"angle": 0, "axis": "y", "origin": [4, 17, 10.5]},
			"faces": {
				"north": {"uv": [7.5, 7, 10.5, 8], "rotation": 180, "texture": "#texture", "cullface": "up"},
				"east": {"uv": [10.5, 8, 11.5, 9], "rotation": 90, "texture": "#texture", "cullface": "up"},
				"south": {"uv": [7.5, 9, 10.5, 10], "texture": "#texture", "cullface": "up"},
				"west": {"uv": [6.5, 8, 7.5, 9], "rotation": 270, "texture": "#texture", "cullface": "up"},
				"up": {"uv": [7.5, 8, 10.5, 9], "texture": "#texture", "cullface": "up"}
			}
		}
	]
}