{
	"credit": "Made by Obscuria",
	"parent": "block/block",
	"textures": {
		"particle": "trident_cliffs:block/furniture/blinds",
		"texture": "trident_cliffs:block/furniture/blinds"
	},
	"elements": [
		{
			"from": [3.5, 0, 15],
			"to": [4.5, 16, 15],
			"rotation": {"angle": 0, "axis": "y", "origin": [3.5, 0, 13]},
			"faces": {
				"north": {"uv": [7, 3, 9, 5], "texture": "#texture"},
				"south": {"uv": [7, 3, 9, 5], "texture": "#texture"}
			}
		},
		{
			"from": [11.5, 0, 15],
			"to": [12.5, 16, 15],
			"rotation": {"angle": 0, "axis": "y", "origin": [11.5, 0, 13]},
			"faces": {
				"north": {"uv": [7, 3, 9, 5], "texture": "#texture"},
				"south": {"uv": [7, 3, 9, 5], "texture": "#texture"}
			}
		},
		{
			"from": [0, 15, 14],
			"to": [16, 15, 16],
			"rotation": {"angle": -45, "axis": "x", "origin": [8, 15, 15]},
			"faces": {
				"up": {"uv": [0, 2, 16, 0], "texture": "#texture"},
				"down": {"uv": [0, 0, 16, 2], "texture": "#texture"}
			}
		},
		{
			"from": [0, 13, 14],
			"to": [16, 13, 16],
			"rotation": {"angle": -45, "axis": "x", "origin": [8, 13, 15]},
			"faces": {
				"up": {"uv": [0, 2, 16, 0], "texture": "#texture"},
				"down": {"uv": [0, 0, 16, 2], "texture": "#texture"}
			}
		},
		{
			"from": [0, 11, 14],
			"to": [16, 11, 16],
			"rotation": {"angle": -45, "axis": "x", "origin": [8, 11, 15]},
			"faces": {
				"up": {"uv": [0, 2, 16, 0], "texture": "#texture"},
				"down": {"uv": [0, 0, 16, 2], "texture": "#texture"}
			}
		},
		{
			"from": [0, 9, 14],
			"to": [16, 9, 16],
			"rotation": {"angle": -45, "axis": "x", "origin": [8, 9, 15]},
			"faces": {
				"up": {"uv": [0, 2, 16, 0], "texture": "#texture"},
				"down": {"uv": [0, 0, 16, 2], "texture": "#texture"}
			}
		},
		{
			"from": [0, 7, 14],
			"to": [16, 7, 16],
			"rotation": {"angle": -45, "axis": "x", "origin": [8, 7, 15]},
			"faces": {
				"up": {"uv": [0, 2, 16, 0], "texture": "#texture"},
				"down": {"uv": [0, 0, 16, 2], "texture": "#texture"}
			}
		},
		{
			"from": [0, 5, 14],
			"to": [16, 5, 16],
			"rotation": {"angle": -45, "axis": "x", "origin": [8, 5, 15]},
			"faces": {
				"up": {"uv": [0, 2, 16, 0], "texture": "#texture"},
				"down": {"uv": [0, 0, 16, 2], "texture": "#texture"}
			}
		},
		{
			"from": [0, 3, 14],
			"to": [16, 3, 16],
			"rotation": {"angle": -45, "axis": "x", "origin": [8, 3, 15]},
			"faces": {
				"up": {"uv": [0, 2, 16, 0], "texture": "#texture"},
				"down": {"uv": [0, 0, 16, 2], "texture": "#texture"}
			}
		},
		{
			"from": [0, 1, 14],
			"to": [16, 1, 16],
			"rotation": {"angle": -45, "axis": "x", "origin": [8, 1, 15]},
			"faces": {
				"up": {"uv": [0, 2, 16, 0], "texture": "#texture"},
				"down": {"uv": [0, 0, 16, 2], "texture": "#texture"}
			}
		}
	]
}