{
	"credit": "Made by Obscuria",
	"parent": "block/block",
	"texture_size": [32, 32],
	"textures": {
		"particle": "trident_cliffs:block/furniture/chinese_lantern_1",
		"lantern": "trident_cliffs:block/furniture/chinese_lantern_1",
		"chain": "block/chain"
	},
	"elements": [
		{
			"from": [3, 5, 3],
			"to": [13, 11, 13],
			"rotation": {"angle": 0, "axis": "y", "origin": [3, 5, 3]},
			"faces": {
				"north": {"uv": [0, 5, 5, 8], "texture": "#lantern"},
				"east": {"uv": [0, 5, 5, 8], "texture": "#lantern"},
				"south": {"uv": [0, 5, 5, 8], "texture": "#lantern"},
				"west": {"uv": [0, 5, 5, 8], "texture": "#lantern"},
				"up": {"uv": [0, 0, 5, 5], "texture": "#lantern"},
				"down": {"uv": [0, 8, 5, 13], "texture": "#lantern"}
			}
		},
		{
			"from": [6, 11, 6],
			"to": [10, 13, 10],
			"rotation": {"angle": 0, "axis": "y", "origin": [6, 11, 8]},
			"faces": {
				"north": {"uv": [8.5, 2.5, 10.5, 3.5], "texture": "#lantern"},
				"east": {"uv": [8.5, 2.5, 10.5, 3.5], "texture": "#lantern"},
				"south": {"uv": [8.5, 2.5, 10.5, 3.5], "texture": "#lantern"},
				"west": {"uv": [8.5, 2.5, 10.5, 3.5], "texture": "#lantern"},
				"up": {"uv": [8.5, 0.5, 10.5, 2.5], "texture": "#lantern"}
			}
		},
		{
			"from": [8, 13, 6.5],
			"to": [8, 15, 9.5],
			"rotation": {"angle": -45, "axis": "y", "origin": [8, 14, 8]},
			"faces": {
				"east": {"uv": [3, 14, 6, 16], "texture": "#chain"},
				"west": {"uv": [3, 14, 6, 16], "texture": "#chain"}
			}
		},
		{
			"from": [6.5, 14, 8],
			"to": [9.5, 16, 8],
			"rotation": {"angle": -45, "axis": "y", "origin": [8, 15, 8]},
			"faces": {
				"north": {"uv": [0, 13, 3, 15], "texture": "#chain"},
				"south": {"uv": [0, 13, 3, 15], "texture": "#chain"}
			}
		},
		{
			"from": [7, 2, 7],
			"to": [9, 4, 9],
			"rotation": {"angle": -45, "axis": "y", "origin": [8, 3, 8]},
			"faces": {
				"north": {"uv": [5.5, 0.5, 6.5, 1.5], "texture": "#lantern"},
				"east": {"uv": [6.5, 0.5, 5.5, 1.5], "texture": "#lantern"},
				"south": {"uv": [5.5, 0.5, 6.5, 1.5], "texture": "#lantern"},
				"west": {"uv": [6.5, 0.5, 5.5, 1.5], "texture": "#lantern"},
				"up": {"uv": [7, 1.5, 8, 0.5], "texture": "#lantern"},
				"down": {"uv": [7, 1.5, 8, 2.5], "texture": "#lantern"}
			}
		},
		{
			"from": [7.5, 4, 7.5],
			"to": [8.5, 5, 8.5],
			"rotation": {"angle": 0, "axis": "y", "origin": [7.5, 4, 7.5]},
			"faces": {
				"north": {"uv": [5, 15, 6, 16], "texture": "#chain"},
				"east": {"uv": [5, 15, 6, 16], "texture": "#chain"},
				"south": {"uv": [5, 15, 6, 16], "texture": "#chain"},
				"west": {"uv": [5, 15, 6, 16], "texture": "#chain"}
			}
		},
		{
			"from": [7, -3, 8],
			"to": [9, 2, 8],
			"rotation": {"angle": 0, "axis": "y", "origin": [8, -0.5, 8]},
			"faces": {
				"north": {"uv": [5.5, 1.5, 6.5, 4], "texture": "#lantern"},
				"south": {"uv": [5.5, 1.5, 6.5, 4], "texture": "#lantern"}
			}
		},
		{
			"from": [8, -3, 7],
			"to": [8, 2, 9],
			"rotation": {"angle": 0, "axis": "y", "origin": [8, -0.5, 8]},
			"faces": {
				"east": {"uv": [5.5, 1.5, 6.5, 4], "texture": "#lantern"},
				"west": {"uv": [5.5, 1.5, 6.5, 4], "texture": "#lantern"}
			}
		}
	]
}