{
	"credit": "Made by Obscuria",
	"parent": "block/block",
	"textures": {
		"texture": "trident_cliffs:block/furniture/heater",
		"particle": "#texture"
	},
	"elements": [
		{
			"from": [13, 2, 11],
			"to": [15, 16, 15],
			"rotation": {"angle": 0, "axis": "y", "origin": [13, 2, 13]},
			"faces": {
				"north": {"uv": [2, 0, 3, 7], "texture": "#texture"},
				"east": {"uv": [0, 0, 2, 7], "texture": "#texture"},
				"south": {"uv": [3, 0, 2, 7], "texture": "#texture"},
				"west": {"uv": [3, 0, 5, 7], "texture": "#texture"},
				"up": {"uv": [3, 0, 2, 0.5], "texture": "#texture"},
				"down": {"uv": [3, 6.5, 2, 7], "texture": "#texture"}
			}
		},
		{
			"from": [16, 2, 11],
			"to": [18, 16, 15],
			"rotation": {"angle": 0, "axis": "y", "origin": [16, 2, 13]},
			"faces": {
				"north": {"uv": [7, 0, 8, 7], "texture": "#texture"},
				"east": {"uv": [5, 0, 7, 7], "texture": "#texture"},
				"south": {"uv": [8, 0, 7, 7], "texture": "#texture"},
				"west": {"uv": [8, 0, 10, 7], "texture": "#texture"},
				"up": {"uv": [8, 0, 7, 0.5], "texture": "#texture"},
				"down": {"uv": [8.5, 6, 6.5, 7], "texture": "#texture"}
			}
		},
		{
			"from": [-3, 13, 12],
			"to": [19, 15, 14],
			"rotation": {"angle": 0, "axis": "y", "origin": [18, 2, 13]},
			"faces": {
				"north": {"uv": [0, 8.5, 11, 9.5], "texture": "#texture"},
				"east": {"uv": [12.5, 8.5, 11.5, 9.5], "texture": "#texture"},
				"south": {"uv": [0, 9, 11, 10], "texture": "#texture"},
				"west": {"uv": [11.5, 8.5, 12.5, 9.5], "texture": "#texture"},
				"up": {"uv": [0, 8.5, 11, 9.5], "texture": "#texture"},
				"down": {"uv": [0, 10, 11, 9], "texture": "#texture"}
			}
		},
		{
			"from": [16, 0, 14],
			"to": [18, 2, 15],
			"rotation": {"angle": 0, "axis": "y", "origin": [16, -12, 14]},
			"faces": {
				"north": {"uv": [7, 7, 8, 8], "texture": "#texture"},
				"east": {"uv": [5, 7, 5.5, 8], "texture": "#texture"},
				"south": {"uv": [8, 7, 7, 8], "texture": "#texture"},
				"west": {"uv": [9.5, 7, 10, 8], "texture": "#texture"}
			}
		},
		{
			"from": [16, 0, 11],
			"to": [18, 2, 12],
			"rotation": {"angle": 0, "axis": "y", "origin": [16, -12, 11]},
			"faces": {
				"north": {"uv": [7, 7, 8, 8], "texture": "#texture"},
				"east": {"uv": [6.5, 7, 7, 8], "texture": "#texture"},
				"south": {"uv": [8, 7, 7, 8], "texture": "#texture"},
				"west": {"uv": [8, 7, 8.5, 8], "texture": "#texture"}
			}
		},
		{
			"from": [19, 3.5, 12.5],
			"to": [21, 4.5, 13.5],
			"rotation": {"angle": 0, "axis": "y", "origin": [31, -7.5, 13.5]},
			"faces": {
				"north": {"uv": [10, 9.5, 11, 10], "texture": "#texture"},
				"south": {"uv": [10, 9.5, 11, 10], "texture": "#texture"},
				"up": {"uv": [10, 9.5, 11, 10], "texture": "#texture"},
				"down": {"uv": [10, 9.5, 11, 10], "texture": "#texture"}
			}
		},
		{
			"from": [22, 0, 12],
			"to": [24, 6, 14],
			"rotation": {"angle": 0, "axis": "y", "origin": [32, -8, 13]},
			"faces": {
				"north": {"uv": [10.5, 0, 11.5, 3], "texture": "#texture"},
				"east": {"uv": [10.5, 0, 11, 3], "texture": "#texture"},
				"south": {"uv": [11.5, 0, 10.5, 3], "texture": "#texture"},
				"west": {"uv": [11, 0, 11.5, 3], "texture": "#texture"},
				"up": {"uv": [11.5, 0, 10.5, 0.5], "texture": "#texture"}
			}
		},
		{
			"from": [21, 3, 12],
			"to": [22, 5, 14],
			"rotation": {"angle": 0, "axis": "y", "origin": [30, -8, 13]},
			"faces": {
				"north": {"uv": [10.5, 8.5, 11, 9.5], "texture": "#texture"},
				"south": {"uv": [10.5, 8.5, 11, 9.5], "texture": "#texture"},
				"west": {"uv": [10.5, 8.5, 11, 9.5], "texture": "#texture"},
				"up": {"uv": [10.5, 8.5, 11, 9], "texture": "#texture"},
				"down": {"uv": [10.5, 9, 11, 9.5], "texture": "#texture"}
			}
		},
		{
			"from": [22.5, 5.8, 12.5],
			"to": [23.5, 6.8, 13.5],
			"rotation": {"angle": 0, "axis": "y", "origin": [32.5, -2.2, 13.5]},
			"faces": {
				"north": {"uv": [0, 0, 0.5, 0.5], "texture": "#texture"},
				"east": {"uv": [0, 0, 0.5, 0.5], "texture": "#texture"},
				"south": {"uv": [0, 0, 0.5, 0.5], "texture": "#texture"},
				"west": {"uv": [0, 0, 0.5, 0.5], "texture": "#texture"},
				"up": {"uv": [0, 0.5, 0.5, 0], "texture": "#texture"}
			}
		},
		{
			"from": [21.5, 6.6, 11.5],
			"to": [24.5, 6.6, 14.5],
			"rotation": {"angle": 0, "axis": "y", "origin": [32.5, -1.4, 12.5]},
			"faces": {
				"up": {"uv": [12, 0, 13.5, 1.5], "texture": "#texture"},
				"down": {"uv": [12, 0, 13.5, 1.5], "texture": "#texture"}
			}
		},
		{
			"from": [10, 2, 11],
			"to": [12, 16, 15],
			"rotation": {"angle": 0, "axis": "y", "origin": [10, 2, 13]},
			"faces": {
				"north": {"uv": [2, 0, 3, 7], "texture": "#texture"},
				"east": {"uv": [0, 0, 2, 7], "texture": "#texture"},
				"south": {"uv": [3, 0, 2, 7], "texture": "#texture"},
				"west": {"uv": [3, 0, 5, 7], "texture": "#texture"},
				"up": {"uv": [3, 0, 2, 0.5], "texture": "#texture"},
				"down": {"uv": [3, 6.5, 2, 7], "texture": "#texture"}
			}
		},
		{
			"from": [7, 2, 11],
			"to": [9, 16, 15],
			"rotation": {"angle": 0, "axis": "y", "origin": [7, 2, 13]},
			"faces": {
				"north": {"uv": [2, 0, 3, 7], "texture": "#texture"},
				"east": {"uv": [0, 0, 2, 7], "texture": "#texture"},
				"south": {"uv": [3, 0, 2, 7], "texture": "#texture"},
				"west": {"uv": [3, 0, 5, 7], "texture": "#texture"},
				"up": {"uv": [3, 0, 2, 0.5], "texture": "#texture"},
				"down": {"uv": [3, 6.5, 2, 7], "texture": "#texture"}
			}
		},
		{
			"from": [4, 2, 11],
			"to": [6, 16, 15],
			"rotation": {"angle": 0, "axis": "y", "origin": [4, 2, 13]},
			"faces": {
				"north": {"uv": [2, 0, 3, 7], "texture": "#texture"},
				"east": {"uv": [0, 0, 2, 7], "texture": "#texture"},
				"south": {"uv": [3, 0, 2, 7], "texture": "#texture"},
				"west": {"uv": [3, 0, 5, 7], "texture": "#texture"},
				"up": {"uv": [3, 0, 2, 0.5], "texture": "#texture"},
				"down": {"uv": [3, 6.5, 2, 7], "texture": "#texture"}
			}
		},
		{
			"from": [1, 2, 11],
			"to": [3, 16, 15],
			"rotation": {"angle": 0, "axis": "y", "origin": [1, 2, 13]},
			"faces": {
				"north": {"uv": [2, 0, 3, 7], "texture": "#texture"},
				"east": {"uv": [0, 0, 2, 7], "texture": "#texture"},
				"south": {"uv": [3, 0, 2, 7], "texture": "#texture"},
				"west": {"uv": [3, 0, 5, 7], "texture": "#texture"},
				"up": {"uv": [3, 0, 2, 0.5], "texture": "#texture"},
				"down": {"uv": [3, 6.5, 2, 7], "texture": "#texture"}
			}
		},
		{
			"from": [-2, 2, 11],
			"to": [0, 16, 15],
			"rotation": {"angle": 0, "axis": "y", "origin": [-2, 2, 13]},
			"faces": {
				"north": {"uv": [7, 0, 8, 7], "texture": "#texture"},
				"east": {"uv": [5, 0, 7, 7], "texture": "#texture"},
				"south": {"uv": [8, 0, 7, 7], "texture": "#texture"},
				"west": {"uv": [8, 0, 10, 7], "texture": "#texture"},
				"up": {"uv": [8, 0, 7, 0.5], "texture": "#texture"},
				"down": {"uv": [8.5, 6, 6.5, 7], "texture": "#texture"}
			}
		},
		{
			"from": [-2, 0, 11],
			"to": [0, 2, 12],
			"rotation": {"angle": 0, "axis": "y", "origin": [-2, -12, 11]},
			"faces": {
				"north": {"uv": [7, 7, 8, 8], "texture": "#texture"},
				"east": {"uv": [6.5, 7, 7, 8], "texture": "#texture"},
				"south": {"uv": [8, 7, 7, 8], "texture": "#texture"},
				"west": {"uv": [8, 7, 8.5, 8], "texture": "#texture"}
			}
		},
		{
			"from": [-2, 0, 14],
			"to": [0, 2, 15],
			"rotation": {"angle": 0, "axis": "y", "origin": [-2, -12, 14]},
			"faces": {
				"north": {"uv": [7, 7, 8, 8], "texture": "#texture"},
				"east": {"uv": [5, 7, 5.5, 8], "texture": "#texture"},
				"south": {"uv": [8, 7, 7, 8], "texture": "#texture"},
				"west": {"uv": [9.5, 7, 10, 8], "texture": "#texture"}
			}
		},
		{
			"from": [-3, 3, 12],
			"to": [19, 5, 14],
			"rotation": {"angle": 0, "axis": "y", "origin": [18, -8, 13]},
			"faces": {
				"north": {"uv": [0, 8.5, 11, 9.5], "texture": "#texture"},
				"east": {"uv": [12.5, 8.5, 11.5, 9.5], "texture": "#texture"},
				"south": {"uv": [0, 9, 11, 10], "texture": "#texture"},
				"west": {"uv": [11.5, 8.5, 12.5, 9.5], "texture": "#texture"},
				"up": {"uv": [0, 8.5, 11, 9.5], "texture": "#texture"},
				"down": {"uv": [0, 10, 11, 9], "texture": "#texture"}
			}
		}
	]
}