{
	"credit": "Made by Obscuria",
	"parent": "block/block",
	"texture_size": [128, 128],
	"textures": {
		"particle": "trident_cliffs:block/furniture/modern_tv",
		"texture": "trident_cliffs:block/furniture/modern_tv"
	},
	"elements": [
		{
			"from": [-13, 6, 7],
			"to": [29, 29, 10],
			"rotation": {"angle": 0, "axis": "y", "origin": [7, 6, 7]},
			"faces": {
				"north": {"uv": [0, 0, 5.25, 2.875], "texture": "#texture"},
				"east": {"uv": [5.375, 5.25, 5.75, 8.125], "texture": "#texture"},
				"south": {"uv": [0, 3, 5.25, 5.875], "texture": "#texture"},
				"west": {"uv": [5.875, 5.25, 6.25, 8.125], "texture": "#texture"},
				"up": {"uv": [10.625, 0.375, 5.375, 0], "texture": "#texture"},
				"down": {"uv": [10.625, 0.5, 5.375, 0.875], "texture": "#texture"}
			}
		},
		{
			"from": [5, 0, 9],
			"to": [11, 16, 11],
			"rotation": {"angle": 0, "axis": "y", "origin": [7, 0, 10]},
			"faces": {
				"north": {"uv": [5.375, 1, 6.125, 3], "texture": "#texture"},
				"east": {"uv": [3.75, 6, 4, 8], "texture": "#texture"},
				"south": {"uv": [5.375, 3.125, 6.125, 5.125], "texture": "#texture"},
				"west": {"uv": [4.125, 6, 4.375, 8], "texture": "#texture"},
				"up": {"uv": [5.25, 6.25, 4.5, 6], "texture": "#texture"},
				"down": {"uv": [7, 1.75, 6.25, 2], "texture": "#texture"}
			}
		},
		{
			"from": [0.99, -0.01, 6.99],
			"to": [15.01, 2.01, 11.01],
			"rotation": {"angle": 0, "axis": "y", "origin": [7, 0, 10]},
			"faces": {
				"north": {"uv": [6.25, 1, 8, 1.25], "texture": "#texture"},
				"east": {"uv": [6.25, 2.125, 6.75, 2.375], "texture": "#texture"},
				"south": {"uv": [6.25, 1.375, 8, 1.625], "texture": "#texture"},
				"west": {"uv": [6.25, 2.5, 6.75, 2.75], "texture": "#texture"},
				"up": {"uv": [1.75, 6.5, 0, 6], "texture": "#texture"},
				"down": {"uv": [3.625, 6, 1.875, 6.5], "texture": "#texture"}
			}
		}
	]
}