{
	"credit": "Made by Obscuria",
	"parent": "block/block",
	"texture_size": [64, 64],
	"textures": {
		"particle": "trident_cliffs:block/furniture/old_tv",
		"texture": "trident_cliffs:block/furniture/old_tv"
	},
	"elements": [
		{
			"from": [2, 0, 2],
			"to": [15, 14, 15],
			"rotation": {"angle": 0, "axis": "y", "origin": [7, 1, 13]},
			"faces": {
				"north": {"uv": [3.75, 0, 7, 3.5], "texture": "#texture"},
				"east": {"uv": [3.75, 3.75, 7, 7.25], "texture": "#texture"},
				"south": {"uv": [7.25, 0, 10.5, 3.5], "texture": "#texture"},
				"west": {"uv": [7.25, 3.75, 10.5, 7.25], "texture": "#texture"},
				"up": {"uv": [3.25, 10.75, 0, 7.5], "texture": "#texture"},
				"down": {"uv": [6.75, 7.5, 3.5, 10.75], "texture": "#texture"}
			}
		},
		{
			"from": [1.5, 0.5, 1],
			"to": [15.5, 14.5, 4],
			"rotation": {"angle": 0, "axis": "y", "origin": [6.5, 0.5, 12]},
			"faces": {
				"north": {"uv": [0, 0, 3.5, 3.5], "texture": "#texture"},
				"east": {"uv": [7, 7.5, 7.75, 11], "texture": "#texture"},
				"south": {"uv": [0, 3.75, 3.5, 7.25], "texture": "#texture"},
				"west": {"uv": [8, 7.5, 8.75, 11], "texture": "#texture"},
				"up": {"uv": [12.5, 8.25, 9, 7.5], "texture": "#texture"},
				"down": {"uv": [12.5, 8.5, 9, 9.25], "texture": "#texture"}
			}
		}
	]
}