{
	"credit": "Made by Obscuria",
	"parent": "block/block",
	"textures": {
		"particle": "#texture",
		"texture": "trident_cliffs:block/furniture/phone"
	},
	"elements": [
		{
			"from": [3, 0, 1.2],
			"to": [13, 1, 15.2],
			"rotation": {"angle": 0, "axis": "y", "origin": [7, 0, 12.2]},
			"faces": {
				"north": {"uv": [0, 6.5, 5, 7], "texture": "#texture"},
				"east": {"uv": [0, 0, 0.5, 7], "rotation": 90, "texture": "#texture"},
				"south": {"uv": [0, 0, 5, 0.5], "texture": "#texture"},
				"west": {"uv": [4.5, 0, 5, 7], "rotation": 90, "texture": "#texture"},
				"up": {"uv": [0, 0, 5, 7], "texture": "#texture"},
				"down": {"uv": [0, 0, 5, 7], "texture": "#texture", "cullface": "down"}
			}
		},
		{
			"from": [9.2, 1, 2.6],
			"to": [12.2, 2, 12.6],
			"rotation": {"angle": -22.5, "axis": "x", "origin": [8.7, 1, 1.6]},
			"faces": {
				"north": {"uv": [10.5, 5, 12, 5.5], "texture": "#texture"},
				"east": {"uv": [10.5, 5.5, 11, 0.5], "rotation": 90, "texture": "#texture"},
				"south": {"uv": [12, 0.5, 10.5, 1], "texture": "#texture"},
				"west": {"uv": [10.5, 0.5, 11, 5.5], "rotation": 90, "texture": "#texture"},
				"up": {"uv": [12, 5.5, 10.5, 0.5], "texture": "#texture"}
			}
		},
		{
			"from": [3.5, -5, 12.5],
			"to": [12.5, 0, 13.5],
			"rotation": {"angle": -22.5, "axis": "x", "origin": [8, 0, 0.5]},
			"faces": {
				"east": {"uv": [7, 8, 8.5, 9.5], "texture": "#texture"},
				"south": {"uv": [5.5, 2.5, 10, 0], "texture": "#texture"},
				"west": {"uv": [7, 8, 8.5, 9.5], "texture": "#texture"}
			}
		},
		{
			"from": [5.8, 0.5, 3.6],
			"to": [8.8, 1.5, 7.6],
			"rotation": {"angle": -22.5, "axis": "x", "origin": [10.3, 0.5, 1.6]},
			"faces": {
				"north": {"uv": [12.5, 4, 14, 4.5], "texture": "#texture"},
				"east": {"uv": [12.5, 2.5, 13, 4.5], "rotation": 90, "texture": "#texture"},
				"south": {"uv": [12.5, 2.5, 14, 3], "texture": "#texture"},
				"west": {"uv": [13.5, 2.5, 14, 4.5], "rotation": 90, "texture": "#texture"},
				"up": {"uv": [12.5, 4.5, 14, 2.5], "texture": "#texture"}
			}
		},
		{
			"from": [3.8, 0.5, 3.6],
			"to": [4.8, 1.5, 7.6],
			"rotation": {"angle": -22.5, "axis": "x", "origin": [6.3, 0.5, 1.6]},
			"faces": {
				"north": {"uv": [14.5, 4, 15, 4.5], "texture": "#texture"},
				"east": {"uv": [14.5, 4.5, 15, 2.5], "rotation": 90, "texture": "#texture"},
				"south": {"uv": [14.5, 2.5, 15, 3], "texture": "#texture"},
				"west": {"uv": [14.5, 2.5, 15, 4.5], "rotation": 90, "texture": "#texture"},
				"up": {"uv": [14.5, 4.5, 15, 2.5], "texture": "#texture"}
			}
		},
		{
			"from": [3.8, 2.2, 8.7],
			"to": [8.8, 3.2, 11.7],
			"rotation": {"angle": -22.5, "axis": "x", "origin": [10.3, 2.2, 5.7]},
			"faces": {
				"north": {"uv": [12.5, 1.5, 15, 2], "texture": "#texture"},
				"east": {"uv": [12.5, 2, 13, 0.5], "rotation": 90, "texture": "#texture"},
				"south": {"uv": [12.5, 0.5, 15, 1], "texture": "#texture"},
				"west": {"uv": [14.5, 0.5, 15, 2], "rotation": 90, "texture": "#texture"},
				"up": {"uv": [12.5, 2, 15, 0.5], "texture": "#texture"}
			}
		},
		{
			"from": [3.5, 0, 1.6],
			"to": [12.5, 1, 13.6],
			"rotation": {"angle": -22.5, "axis": "x", "origin": [8, 0, 1.6]},
			"faces": {
				"east": {"uv": [7, 8, 8.5, 9.5], "texture": "#texture"},
				"south": {"uv": [5.5, 2.5, 10, 3], "texture": "#texture"},
				"west": {"uv": [7, 8, 8.5, 9.5], "texture": "#texture"},
				"up": {"uv": [5.5, 9.5, 10, 3.5], "texture": "#texture"}
			}
		},
		{
			"from": [3.5, 1, 7.1],
			"to": [12.5, 3, 13.1],
			"rotation": {"angle": 0, "axis": "y", "origin": [7.5, 1, 12.1]},
			"faces": {
				"east": {"uv": [7, 8, 8.5, 9.5], "texture": "#texture"},
				"west": {"uv": [7, 8, 8.5, 9.5], "texture": "#texture"}
			}
		},
		{
			"from": [3.5, 3, 8.8],
			"to": [12.5, 4, 12.8],
			"rotation": {"angle": 0, "axis": "y", "origin": [7.5, 3, 12.8]},
			"faces": {
				"east": {"uv": [7, 8, 8.5, 9.5], "texture": "#texture"},
				"west": {"uv": [7, 8, 8.5, 9.5], "texture": "#texture"}
			}
		},
		{
			"from": [3.5, 4, 11.2],
			"to": [12.5, 5, 12.2],
			"rotation": {"angle": 0, "axis": "y", "origin": [7.5, 4, 12.2]},
			"faces": {
				"east": {"uv": [7, 8, 8.5, 9.5], "texture": "#texture"},
				"west": {"uv": [7, 8, 8.5, 9.5], "texture": "#texture"}
			}
		},
		{
			"from": [3.5, 1, 4.1],
			"to": [12.5, 2, 7.1],
			"rotation": {"angle": 0, "axis": "y", "origin": [7.5, 1, 6.1]},
			"faces": {
				"east": {"uv": [7, 8, 8.5, 9.5], "texture": "#texture"},
				"west": {"uv": [7, 8, 8.5, 9.5], "texture": "#texture"}
			}
		},
		{
			"from": [3.5, 2, 6.4],
			"to": [12.5, 3, 7.4],
			"rotation": {"angle": 0, "axis": "y", "origin": [7.5, 2, 6.4]},
			"faces": {
				"east": {"uv": [7, 8, 8.5, 9.5], "texture": "#texture"},
				"west": {"uv": [7, 8, 8.5, 9.5], "texture": "#texture"}
			}
		},
		{
			"from": [3.5, 1, 3.9],
			"to": [12.5, 2, 4.9],
			"rotation": {"angle": 0, "axis": "y", "origin": [7.5, 1, 3.9]},
			"faces": {
				"east": {"uv": [7, 8, 8.5, 9.5], "texture": "#texture"},
				"west": {"uv": [7, 8, 8.5, 9.5], "texture": "#texture"}
			}
		}
	]
}