{
	"credit": "Made by Obscuria",
	"texture_size": [64, 64],
	"textures": {
		"particle": "#texture"
	},
	"elements": [
		{
			"from": [0, -16, 0],
			"to": [16, 24, 16],
			"faces": {
				"north": {"uv": [4, 6, 0, 16], "texture": "#texture"},
				"east": {"uv": [4, 6, 8, 16], "texture": "#texture"},
				"south": {"uv": [12, 6, 8, 16], "texture": "#texture"},
				"west": {"uv": [16, 6, 12, 16], "texture": "#texture"},
				"up": {"uv": [0, 0, 4, 3.75], "texture": "#texture"},
				"down": {"uv": [12, 0, 16, 4], "texture": "#texture"}
			}
		}
	],
	"display": {
		"thirdperson_righthand": {
			"rotation": [75, 45, 0],
			"translation": [0, 2.5, 0],
			"scale": [0.375, 0.375, 0.375]
		},
		"thirdperson_lefthand": {
			"rotation": [75, 45, 0],
			"translation": [0, 2.5, 0],
			"scale": [0.375, 0.375, 0.375]
		},
		"firstperson_righthand": {
			"rotation": [0, 45, 0],
			"scale": [0.4, 0.4, 0.4]
		},
		"firstperson_lefthand": {
			"rotation": [0, 225, 0],
			"scale": [0.4, 0.4, 0.4]
		},
		"ground": {
			"translation": [0, 3, 0],
			"scale": [0.25, 0.25, 0.25]
		},
		"gui": {
			"rotation": [30, 225, 0],
			"translation": [0, 2, 0],
			"scale": [0.4, 0.4, 0.4]
		},
		"head": {
			"rotation": [0, 180, 0],
			"translation": [0, 13, 7]
		},
		"fixed": {
			"translation": [0, 2.25, 0],
			"scale": [0.5, 0.5, 0.5]
		}
	}
}