{
	"render_type": "cutout",
	"ambientocclusion": false,
	"textures": {
		"0": "#texture",
		"particle": "#texture"
	},
	"elements": [
		{
			"from": [0, -16, 4],
			"to": [20, 20, 16],
			"faces": {
				"north": {"uv": [9.25, 0, 11.75, 4.5], "texture": "#0"},
				"east": {"uv": [11.75, 0, 13.25, 4.5], "texture": "#0"},
				"south": {"uv": [6.75, 0, 9.25, 4.5], "texture": "#0"},
				"west": {"uv": [11.75, 0, 13.25, 4.5], "texture": "#0"},
				"up": {"uv": [9.375, 4.5, 11.625, 5.875], "texture": "#0"},
				"down": {"uv": [9.375, 4.5, 11.625, 5.875], "texture": "#0"}
			}
		},
		{
			"from": [-0.01, -15, 5],
			"to": [-0.01, 19, 15],
			"faces": {
				"west": {"uv": [4, 0, 6.5, 8.5], "texture": "#0"}
			}
		},
		{
			"from": [4, -15, 3.99],
			"to": [19, 19, 3.99],
			"faces": {
				"north": {"uv": [0, 0, 3.75, 8.5], "texture": "#0"}
			}
		},
		{
			"from": [20.01, -15, 5],
			"to": [20.01, 19, 15],
			"faces": {
				"east": {"uv": [4, 0, 6.5, 8.5], "texture": "#0"}
			}
		},
		{
			"from": [8, -13, 3.98],
			"to": [15, -10, 3.98],
			"faces": {
				"north": {"uv": [6.75, 4.75, 7.625, 5.125], "texture": "#0"}
			}
		}
	],
	"display": {
		"thirdperson_righthand": {
			"rotation": [75, 45, 0],
			"translation": [0, 2.5, 0],
			"scale": [0.375, 0.375, 0.375]
		},
		"thirdperson_lefthand": {
			"rotation": [75, 45, 0],
			"translation": [0, 2.5, 0],
			"scale": [0.375, 0.375, 0.375]
		},
		"firstperson_righthand": {
			"rotation": [0, 135, 0],
			"translation": [0.25, 4, 1],
			"scale": [0.3, 0.3, 0.3]
		},
		"firstperson_lefthand": {
			"rotation": [0, 135, 0],
			"translation": [0.25, 4, 1],
			"scale": [0.3, 0.3, 0.3]
		},
		"ground": {
			"translation": [0, 3, 0],
			"scale": [0.25, 0.25, 0.25]
		},
		"gui": {
			"rotation": [30, 135, 0],
			"translation": [0, 1.25, 0],
			"scale": [0.35, 0.35, 0.35]
		},
		"fixed": {
			"scale": [0.5, 0.5, 0.5]
		}
	},
	"groups": [
		{
			"name": "group",
			"origin": [8, 8, 8],
			"color": 0,
			"children": [0, 1, 2, 3, 4]
		}
	]
}