{
	"credit": "Made with Blockbench",
	"parent": "block/cross",
	"texture_size": [32, 32],
	"textures": {
		"8": "block/terminal",
		"particle": "block/terminal"
	},
	"elements": [
		{
			"from": [0, 4, 0],
			"to": [16, 4, 16],
			"rotation": {"angle": 0, "axis": "y", "origin": [0, 0, 16]},
			"faces": {
				"north": {"uv": [8, 0, 0, 2], "texture": "#8", "cullface": "south"},
				"east": {"uv": [14.5, 1, 6.5, 3], "texture": "#8", "cullface": "east"},
				"south": {"uv": [8, 14, 0, 16], "texture": "#8", "cullface": "north"},
				"west": {"uv": [6.5, 0, 14.5, 2], "texture": "#8", "cullface": "west"},
				"up": {"uv": [0, 14, 8, 6], "texture": "#8"},
				"down": {"uv": [4.5, 10, 8, 6], "texture": "#8", "cullface": "down"}
			}
		},
		{
			"from": [0, 0, 15.99999],
			"to": [16, 4, 15.99999],
			"rotation": {"angle": 0, "axis": "y", "origin": [8, 2, 15.99999]},
			"faces": {
				"north": {"uv": [8, 14, 0, 16], "texture": "#8", "cullface": "north"},
				"east": {"uv": [6.5, 0, 14.5, 2], "texture": "#8", "cullface": "west"},
				"south": {"uv": [8, 14, 0, 16], "texture": "#8", "cullface": "south"},
				"west": {"uv": [14.5, 1, 6.5, 3], "texture": "#8", "cullface": "east"},
				"up": {"uv": [0, 14, 8, 6], "rotation": 180, "texture": "#8"},
				"down": {"uv": [4.5, 10, 8, 6], "rotation": 180, "texture": "#8", "cullface": "down"}
			}
		},
		{
			"from": [0, 0, 0],
			"to": [16, 4, 0],
			"rotation": {"angle": 0, "axis": "y", "origin": [8, 2, 0]},
			"faces": {
				"north": {"uv": [8, 0, 0, 2], "texture": "#8", "cullface": "north"},
				"east": {"uv": [6.5, 0, 14.5, 2], "texture": "#8", "cullface": "west"},
				"south": {"uv": [8, 0, 0, 2], "texture": "#8", "cullface": "south"},
				"west": {"uv": [14.5, 1, 6.5, 3], "texture": "#8", "cullface": "east"},
				"up": {"uv": [0, 14, 8, 6], "rotation": 180, "texture": "#8"},
				"down": {"uv": [4.5, 10, 8, 6], "rotation": 180, "texture": "#8", "cullface": "down"}
			}
		},
		{
			"from": [16, 0, 0],
			"to": [16, 4, 16],
			"rotation": {"angle": 0, "axis": "y", "origin": [0, 0, 16]},
			"faces": {
				"north": {"uv": [8, 0, 0, 2], "texture": "#8", "cullface": "south"},
				"east": {"uv": [14.5, 1, 6.5, 3], "texture": "#8", "cullface": "east"},
				"south": {"uv": [8, 14, 0, 16], "texture": "#8", "cullface": "north"},
				"west": {"uv": [6.5, 0, 14.5, 2], "texture": "#8", "cullface": "west"},
				"up": {"uv": [0, 14, 8, 6], "texture": "#8"},
				"down": {"uv": [4.5, 10, 8, 6], "texture": "#8", "cullface": "down"}
			}
		},
		{
			"from": [0, 0, 0],
			"to": [0, 4, 16],
			"rotation": {"angle": 0, "axis": "y", "origin": [0, 0, 16]},
			"faces": {
				"north": {"uv": [8, 0, 0, 2], "texture": "#8", "cullface": "south"},
				"east": {"uv": [14.5, 1, 6.5, 3], "texture": "#8", "cullface": "east"},
				"south": {"uv": [8, 14, 0, 16], "texture": "#8", "cullface": "north"},
				"west": {"uv": [6.5, 0, 14.5, 2], "texture": "#8", "cullface": "west"},
				"up": {"uv": [0, 14, 8, 6], "texture": "#8"},
				"down": {"uv": [4.5, 10, 8, 6], "texture": "#8", "cullface": "down"}
			}
		},
		{
			"from": [3, 4, 4],
			"to": [13, 5, 13],
			"rotation": {"angle": 0, "axis": "y", "origin": [0, 0, 16]},
			"faces": {
				"north": {"uv": [5, 0, 0, 0.5], "texture": "#8"},
				"east": {"uv": [4.5, 0, 0, 0.5], "texture": "#8"},
				"south": {"uv": [6, 6, 1, 6.5], "texture": "#8"},
				"west": {"uv": [4.5, 0, 0, 0.5], "texture": "#8"}
			}
		},
		{
			"from": [1, 5, 8],
			"to": [15, 16, 14],
			"rotation": {"angle": 0, "axis": "y", "origin": [0, 0, 16]},
			"faces": {
				"north": {"uv": [15.5, 0, 8.5, 5.5], "texture": "#8"},
				"east": {"uv": [10, 0, 7, 5.5], "texture": "#8"},
				"south": {"uv": [16, 6, 9, 11.5], "texture": "#8"},
				"west": {"uv": [10.5, 0, 7.5, 5.5], "texture": "#8"},
				"up": {"uv": [6.5, 3, 13.5, 0], "texture": "#8", "cullface": "up"},
				"down": {"uv": [0, 3, 7, 0], "texture": "#8"}
			}
		},
		{
			"from": [13.5, 5, 14],
			"to": [15, 16, 15],
			"rotation": {"angle": 0, "axis": "y", "origin": [0, 0, 16]},
			"faces": {
				"east": {"uv": [7, 0, 6.5, 5.5], "texture": "#8"},
				"south": {"uv": [0.75, 0, 0, 5.5], "texture": "#8"},
				"west": {"uv": [6.5, 0, 6, 5.5], "texture": "#8"},
				"up": {"uv": [0, 0.5, 7, 0], "texture": "#8", "cullface": "up"},
				"down": {"uv": [0, 0.5, 7, 0], "texture": "#8"}
			}
		},
		{
			"from": [1, 5, 14],
			"to": [2.5, 16, 15],
			"rotation": {"angle": 0, "axis": "y", "origin": [0, 0, 16]},
			"faces": {
				"east": {"uv": [6.5, 0, 6, 5.5], "texture": "#8"},
				"south": {"uv": [7, 0, 6.25, 5.5], "texture": "#8"},
				"west": {"uv": [7.5, 0, 7, 5.5], "texture": "#8"},
				"up": {"uv": [0, 0.5, 7, 0], "texture": "#8", "cullface": "up"},
				"down": {"uv": [0, 0.5, 7, 0], "texture": "#8"}
			}
		},
		{
			"from": [2.5, 14.5, 14],
			"to": [13.5, 16, 15],
			"rotation": {"angle": 0, "axis": "y", "origin": [0, 0, 16]},
			"faces": {
				"south": {"uv": [6.5, 0, 1, 0.75], "texture": "#8"},
				"up": {"uv": [0, 0.5, 5, 0], "texture": "#8", "cullface": "up"},
				"down": {"uv": [1, 1, 6, 0.5], "texture": "#8"}
			}
		},
		{
			"from": [2.5, 5, 14],
			"to": [13.5, 6.5, 15],
			"rotation": {"angle": 0, "axis": "y", "origin": [0, 0, 16]},
			"faces": {
				"south": {"uv": [6, 4.75, 1, 5.5], "texture": "#8"},
				"up": {"uv": [1, 1, 6, 0.5], "texture": "#8"},
				"down": {"uv": [0, 0.5, 5, 0], "texture": "#8"}
			}
		},
		{
			"from": [2, 5, 1],
			"to": [14, 13, 8],
			"rotation": {"angle": 0, "axis": "y", "origin": [0, 0, 16]},
			"faces": {
				"north": {"uv": [0.5, 12, 4.5, 6], "rotation": 90, "texture": "#8"},
				"east": {"uv": [13.5, 1, 10, 5], "texture": "#8"},
				"west": {"uv": [13.5, 1, 10, 5], "texture": "#8"},
				"up": {"uv": [9, 3.5, 15, 0], "texture": "#8"},
				"down": {"uv": [9, 5.5, 15, 2], "texture": "#8"}
			}
		}
	],
	"display": {
		"firstperson_righthand": {
			"rotation": [0, 135, 0],
			"scale": [0.4, 0.4, 0.4]
		}
	}
}