{
	"credit": "Made with Blockbench",
	"parent": "trident_cliffs:item/custom/base_item",
	"textures": {
		"0": "trident_cliffs:item/custom/laptop_0",
		"1": "trident_cliffs:item/custom/laptop_1",
		"2": "trident_cliffs:item/custom/laptop_2"
	},
	"elements": [
		{
			"from": [1, 0, 5],
			"to": [15, 1, 15],
			"faces": {
				"north": {"uv": [0, 12, 14, 13], "texture": "#1"},
				"east": {"uv": [10, 13, 0, 14], "texture": "#1"},
				"south": {"uv": [0, 10, 14, 11], "texture": "#1"},
				"west": {"uv": [0, 13, 10, 14], "texture": "#1"},
				"up": {"uv": [0, 0, 14, 10], "texture": "#1"},
				"down": {"uv": [0, 10, 14, 0], "texture": "#2"}
			}
		},
		{
			"from": [2.5, 1.1, 7],
			"to": [13.5, 1.1, 10],
			"faces": {
				"up": {"uv": [1, 12, 12, 15], "texture": "#2"}
			}
		},
		{
			"from": [1, 1, 4],
			"to": [15, 11, 5],
			"rotation": {"angle": -22.5, "axis": "x", "origin": [8, 1, 5]},
			"faces": {
				"north": {"uv": [0, 0, 14, 10], "rotation": 180, "texture": "#2"},
				"east": {"uv": [0, 11, 10, 12], "rotation": 90, "texture": "#1"},
				"south": {"uv": [0, 0, 14, 10], "texture": "#0"},
				"west": {"uv": [0, 11, 10, 12], "rotation": 90, "texture": "#1"},
				"up": {"uv": [0, 11, 14, 12], "texture": "#1"},
				"down": {"uv": [0, 11, 14, 12], "texture": "#1"}
			}
		}
	]
}