{
	"credit": "Made with Blockbench",
	"parent": "block/block",
	"textures": {
		"particle": "block/fence/fence_gate_spruce"
	},
	"elements": [
		{
			"from": [0, 2, 7],
			"to": [16, 5, 9],
			"faces": {
				"north": {"uv": [0, 11, 16, 14], "texture": "#particle"},
				"south": {"uv": [0, 11, 16, 14], "texture": "#particle"},
				"up": {"uv": [16, 11, 0, 12], "texture": "#particle"},
				"down": {"uv": [16, 13, 0, 14], "texture": "#particle"}
			}
		},
		{
			"from": [0, 12, 7],
			"to": [16, 15, 9],
			"faces": {
				"north": {"uv": [0, 1, 16, 4], "texture": "#particle"},
				"south": {"uv": [0, 1, 16, 4], "texture": "#particle"},
				"up": {"uv": [16, 1, 0, 2], "texture": "#particle"},
				"down": {"uv": [16, 3, 0, 4], "texture": "#particle"}
			}
		},
		{
			"from": [11, 5, 7.5],
			"to": [13, 12, 8.5],
			"rotation": {"angle": 0, "axis": "y", "origin": [-1, 0, -0.5]},
			"faces": {
				"north": {"uv": [0, 4, 2, 11], "texture": "#particle"},
				"east": {"uv": [0, 4, 1, 11], "texture": "#particle"},
				"south": {"uv": [2, 4, 0, 11], "texture": "#particle"},
				"west": {"uv": [1, 4, 2, 11], "texture": "#particle"}
			}
		},
		{
			"from": [3, 5, 7.5],
			"to": [5, 12, 8.5],
			"rotation": {"angle": 0, "axis": "y", "origin": [-9, 0, -0.5]},
			"faces": {
				"north": {"uv": [0, 4, 2, 11], "texture": "#particle"},
				"east": {"uv": [0, 4, 1, 11], "texture": "#particle"},
				"south": {"uv": [2, 4, 0, 11], "texture": "#particle"},
				"west": {"uv": [1, 4, 2, 11], "texture": "#particle"}
			}
		}
	],
	"display": {
		"gui": {
			"rotation": [30, 45, 0],
			"scale": [0.7, 0.7, 0.7]
		},
		"head": {
			"translation": [0, -3, -6]
		}
	}
}