{
	"ambientocclusion": false,
	"textures": {
		"0": "#texture",
		"particle": "#texture"
	},
	"elements": [
		{
			"from": [-4, 3, 20],
			"to": [20, 13, 22],
			"faces": {
				"north": {"uv": [0, 0, 11.75, 5], "texture": "#0"},
				"east": {"uv": [0, 0, 1, 5], "texture": "#0"},
				"south": {"uv": [0, 0, 11.75, 5], "texture": "#0"},
				"west": {"uv": [0, 0, 1, 5], "texture": "#0"},
				"up": {"uv": [0, 0, 11.75, 1], "texture": "#0"},
				"down": {"uv": [0, 0, 11.75, 1], "texture": "#0"}
			}
		},
		{
			"from": [-4, 3, 19.95],
			"to": [20, 13, 19.95],
			"faces": {
				"north": {"uv": [0, 5, 12, 10], "texture": "#0"},
				"east": {"uv": [0, 0, 0, 10], "texture": "#missing"},
				"south": {"uv": [0, 0, 16, 10], "texture": "#missing"},
				"west": {"uv": [0, 0, 0, 10], "texture": "#missing"},
				"up": {"uv": [0, 0, 16, 0], "texture": "#missing"},
				"down": {"uv": [0, 0, 16, 0], "texture": "#missing"}
			}
		}
	],
	"__createdwith": "opl's Model Creator"
}