{
	"parent": "block/block",
	"textures": {
		"particle": "#texture"
	},
	"elements": [
		{
			"name": "cube1",
			"from": [0, 6, 7],
			"to": [16, 9, 9],
			"faces": {
				"north": {"uv": [0, 7, 16, 10], "texture": "#texture"},
				"south": {"uv": [0, 7, 16, 10], "texture": "#texture"},
				"up": {"uv": [0, 0, 16, 2], "texture": "#texture"},
				"down": {"uv": [0, 0, 16, 2], "texture": "#texture"}
			}
		},
		{
			"name": "cube2",
			"from": [0, 12, 7],
			"to": [16, 15, 9],
			"faces": {
				"north": {"uv": [0, 2, 16, 5], "texture": "#texture"},
				"south": {"uv": [0, 2, 16, 5], "texture": "#texture"},
				"up": {"uv": [0, 0, 16, 2], "texture": "#texture"},
				"down": {"uv": [0, 0, 16, 2], "texture": "#texture"}
			}
		}
	]
}